orifice_size,aspect_ratio,expansion_ratio,normalized_orifice_length,normalized_water_inlet,normalized_oil_inlet,capillary_number,flow_rate_ratio,droplet_size,generation_rate
75,1,2,1,2,2,0.045,10,26.5300885022,152.4513096038
75,1,2,1,2,2,0.09,10,48.9010885111,55.4442217769
75,1,2,1,2,2,0.18,10,47.8415963394,85.2348993289
75,1,2,1,2,2,0.36,10,40.2146098299,355.5555555556
75,1,2,1,2,2,0.72,10,58.2704354339,532.9744279946
75,1,2,1,2,2,0.045,13,53.9494092234,287.230458221
75,1,2,1,2,2,0.09,13,42.5860741156,255.0403225806
75,1,2,1,2,2,0.18,13,32.1577960081,262.2565480188
75,1,2,1,2,2,0.36,13,32.9898718788,463.3982538617
75,1,2,1,2,2,0.72,13,38.4464607845,538.0361930295
75,1,2,1,2,2,0.045,16,49.3111564991,190.0406504065
75,1,2,1,2,2,0.09,16,40.6921037223,236.045729657
75,1,2,1,2,2,0.18,16,36.2748015661,245.1440053583
75,1,2,1,2,2,0.36,16,36.6401217627,445.2652787105
75,1,2,1,2,2,0.72,16,49.364841045,646.2801608579
75,1,2,1,2,2,0.045,19,64.0479855985,315.3923541247
75,1,2,1,2,2,0.09,19,50.173851936,241.8809201624
75,1,2,1,2,2,0.18,19,25.0843236843,293.4563758389
75,1,2,1,2,2,0.36,19,31.1780413813,419.624916276
75,1,2,1,2,2,0.72,19,34.8520563163,818.7458081824
75,1,2,1,2,2,0.045,22,61.673743097,309.7789685198
75,1,2,1,2,2,0.09,22,50.4012830955,256.4102564103
75,1,2,1,2,2,0.18,22,27.7071681576,264.745308311
75,1,2,1,2,2,0.36,22,36.1282575195,423.1027535259
75,1,2,1,2,2,0.72,22,41.9707666967,697.5184439973
75,1.5,3,1.5,2.5,2.5,0.045,10,47.6828194029,131.169709263
75,1.5,3,1.5,2.5,2.5,0.09,10,33.6969863675,102.081934184
75,1.5,3,1.5,2.5,2.5,0.18,10,51.32939892,136.546184739
75,1.5,3,1.5,2.5,2.5,0.36,10,58.5284493792,260.7382550336
75,1.5,3,1.5,2.5,2.5,0.72,10,76.4093040384,368.8799463447
75,1.5,3,1.5,2.5,2.5,0.045,13,54.373915898,119.2230408573
75,1.5,3,1.5,2.5,2.5,0.09,13,43.2873598183,93.101138647
75,1.5,3,1.5,2.5,2.5,0.18,13,50.4471505018,132.7967806841
75,1.5,3,1.5,2.5,2.5,0.36,13,49.8989915767,303.0100334448
75,1.5,3,1.5,2.5,2.5,0.72,13,58.9349742993,551.273458445
75,1.5,3,1.5,2.5,2.5,0.045,16,56.2082992343,126.5907568654
75,1.5,3,1.5,2.5,2.5,0.09,16,45.2820103195,89.2617449664
75,1.5,3,1.5,2.5,2.5,0.18,16,53.9396538741,134.8088531187
75,1.5,3,1.5,2.5,2.5,0.36,16,53.1083180928,249.3297587131
75,1.5,3,1.5,2.5,2.5,0.72,16,49.7429927146,507.7077747989
75,1.5,3,1.5,2.5,2.5,0.045,19,48.4619596767,157.0469798658
75,1.5,3,1.5,2.5,2.5,0.09,19,36.0213518367,97.1849865952
75,1.5,3,1.5,2.5,2.5,0.18,19,43.0586164227,159.3038821954
75,1.5,3,1.5,2.5,2.5,0.36,19,43.4408978705,321.8582887701
75,1.5,3,1.5,2.5,2.5,0.72,19,43.992631265,543.114973262
75,1.5,3,1.5,2.5,2.5,0.045,22,25.3098503976,258.658008658
75,1.5,3,1.5,2.5,2.5,0.09,22,41.3941704989,85.4068594486
75,1.5,3,1.5,2.5,2.5,0.18,22,50.5846442187,168.7876758205
75,1.5,3,1.5,2.5,2.5,0.36,22,30.9976926403,461.5384615385
75,1.5,3,1.5,2.5,2.5,0.72,22,48.9364326625,597.1849865952
75,2,4,2,3,3,0.045,10,93.9707164937,33.8524035207
75,2,4,2,3,3,0.09,10,64.2266223347,119.7041022192
75,2,4,2,3,3,0.18,10,81.3075184776,70.4697986577
75,2,4,2,3,3,0.36,10,75.7502039828,140.4569892473
75,2,4,2,3,3,0.72,10,85.2532587171,225.2010723861
75,2,4,2,3,3,0.045,13,67.9688847309,65.9932659933
75,2,4,2,3,3,0.09,13,76.9133221311,45.0874831763
75,2,4,2,3,3,0.18,13,72.6205248656,77.9046339825
75,2,4,2,3,3,0.36,13,66.7620665172,134.5895020188
75,2,4,2,3,3,0.72,13,72.4519176823,232.7759197324
75,2,4,2,3,3,0.045,16,57.8161472845,67.1965317919
75,2,4,2,3,3,0.09,16,76.2267442244,45.4241816967
75,2,4,2,3,3,0.18,16,86.0309302488,64.1458474004
75,2,4,2,3,3,0.36,16,81.7500253794,143.9089692102
75,2,4,2,3,3,0.72,16,41.5579833687,152.2468142186
75,2,4,2,3,3,0.045,19,67.2263451296,80.2968960864
75,2,4,2,3,3,0.09,19,58.812651973,40.7754010695
75,2,4,2,3,3,0.18,19,60.097365702,81.0991957105
75,2,4,2,3,3,0.36,19,55.31303495,147.0785762257
75,2,4,2,3,3,0.72,19,58.8708831586,239.115874079
75,2,4,2,3,3,0.045,22,40.1149628222,243.0044182622
75,2,4,2,3,3,0.09,22,49.9532150744,61.4035087719
75,2,4,2,3,3,0.18,22,57.6007015498,82.8877005348
75,2,4,2,3,3,0.36,22,52.3090001475,154.1554959786
75,2,4,2,3,3,0.72,22,61.1044528199,273.4006734007
75,2.5,5,2.5,3.5,3.5,0.045,10,47.7240933642,90.3083700441
75,2.5,5,2.5,3.5,3.5,0.09,10,46.6353359297,180.0804828974
75,2.5,5,2.5,3.5,3.5,0.18,10,108.0514666932,57.3162508429
75,2.5,5,2.5,3.5,3.5,0.36,10,110.5475877733,127.60241773
75,2.5,5,2.5,3.5,3.5,0.72,10,115.8938913876,266.1290322581
75,2.5,5,2.5,3.5,3.5,0.045,13,56.0321976181,67.2947510094
75,2.5,5,2.5,3.5,3.5,0.09,13,48.3011151034,194.9270326616
75,2.5,5,2.5,3.5,3.5,0.18,13,93.6266578916,69.6887686062
75,2.5,5,2.5,3.5,3.5,0.36,13,93.668348624,163.3199464525
75,2.5,5,2.5,3.5,3.5,0.72,13,84.3242968807,236.6131191432
75,2.5,5,2.5,3.5,3.5,0.045,16,48.6988563261,92.7419354839
75,2.5,5,2.5,3.5,3.5,0.09,16,58.6955168186,68.7679083095
75,2.5,5,2.5,3.5,3.5,0.18,16,95.1890576395,63.8440860215
75,2.5,5,2.5,3.5,3.5,0.36,16,93.3481496245,145.8333333333
75,2.5,5,2.5,3.5,3.5,0.72,16,93.2787936777,233.5680751174
75,2.5,5,2.5,3.5,3.5,0.045,19,40.9337377128,111.1111111111
75,2.5,5,2.5,3.5,3.5,0.09,19,72.7068357001,98.3935742972
75,2.5,5,2.5,3.5,3.5,0.18,19,82.7340052472,85.5218855219
75,2.5,5,2.5,3.5,3.5,0.36,19,79.1646304866,173.5036987223
75,2.5,5,2.5,3.5,3.5,0.72,19,100.2792858463,269.2307692308
75,2.5,5,2.5,3.5,3.5,0.045,22,44.2935474073,83.3893745797
75,2.5,5,2.5,3.5,3.5,0.09,22,73.8815653096,49.4652406417
75,2.5,5,2.5,3.5,3.5,0.18,22,70.890061253,92.8043039677
75,2.5,5,2.5,3.5,3.5,0.36,22,85.2788985007,187.5418620228
75,2.5,5,2.5,3.5,3.5,0.72,22,49.1484580107,73.6472945892
75,3,6,3,4,4,0.045,10,100.1436420789,48.3870967742
75,3,6,3,4,4,0.09,10,108.095895032,97.5935828877
75,3,6,3,4,4,0.18,10,132.3653067823,43.4201736807
75,3,6,3,4,4,0.36,10,127.1341034435,45.6682337139
75,3,6,3,4,4,0.72,10,148.2518477931,155.033557047
75,3,6,3,4,4,0.045,13,108.2202765803,45.1482479784
75,3,6,3,4,4,0.09,13,115.9369010031,101.3513513514
75,3,6,3,4,4,0.18,13,117.7539638461,50.1002004008
75,3,6,3,4,4,0.36,13,139.4008899754,75.4716981132
75,3,6,3,4,4,0.72,13,95.9433637557,164.5484949833
75,3,6,3,4,4,0.045,16,79.5423975204,61.6208975218
75,3,6,3,4,4,0.09,16,106.995797612,23.4113712375
75,3,6,3,4,4,0.18,16,106.0808273921,56.1872909699
75,3,6,3,4,4,0.36,16,105.77286916,91.030789826
75,3,6,3,4,4,0.72,16,105.3661175583,175.6393001346
75,3,6,3,4,4,0.045,19,69.4750718772,86.8102288022
75,3,6,3,4,4,0.09,19,110.3775919673,19.1126279863
75,3,6,3,4,4,0.18,19,97.9581154593,53.4402137609
75,3,6,3,4,4,0.36,19,110.5585157245,77.3889636608
75,3,6,3,4,4,0.72,19,105.5451568612,169.8113207547
75,3,6,3,4,4,0.045,22,44.7748409537,109.6166778749
75,3,6,3,4,4,0.09,22,87.7358086213,30.1406563965
75,3,6,3,4,4,0.18,22,100.1008568568,49.2245448415
75,3,6,3,4,4,0.36,22,103.433311892,95.9087860496
75,3,6,3,4,4,0.72,22,98.5032994214,182.4596774194
100,1,3,2,3.5,4,0.045,10,49.2251509889,67.5675675676
100,1,3,2,3.5,4,0.09,10,46.6544099866,129.5302013423
100,1,3,2,3.5,4,0.18,10,50.8615341796,206.1786433848
100,1,3,2,3.5,4,0.36,10,73.9725455648,107.1667782987
100,1,3,2,3.5,4,0.72,10,79.2058062931,291.9463087248
100,1,3,2,3.5,4,0.045,13,74.9288976582,261.2190221031
100,1,3,2,3.5,4,0.09,13,46.7880580447,307.0469798658
100,1,3,2,3.5,4,0.18,13,75.4982795841,433.8677354709
100,1,3,2,3.5,4,0.36,13,77.8032239621,178.1647689216
100,1,3,2,3.5,4,0.72,13,79.3837909263,338.4615384615
100,1,3,2,3.5,4,0.045,16,56.3188672503,209.1152815013
100,1,3,2,3.5,4,0.09,16,56.3376714128,100.6711409396
100,1,3,2,3.5,4,0.18,16,67.6015833154,115.4362416107
100,1,3,2,3.5,4,0.36,16,63.8114506196,211.65438714
100,1,3,2,3.5,4,0.72,16,74.624321299,373.2441471572
100,1,3,2,3.5,4,0.045,19,63.2236515095,148.185483871
100,1,3,2,3.5,4,0.09,19,59.0215994557,133.7131367292
100,1,3,2,3.5,4,0.18,19,55.6428547911,126.9308260578
100,1,3,2,3.5,4,0.36,19,63.7843874047,213.5661517797
100,1,3,2,3.5,4,0.72,19,58.0534047312,429.5302013423
100,1,3,2,3.5,4,0.045,22,64.8370989172,358.5858585859
100,1,3,2,3.5,4,0.09,22,42.9623202742,305.5167597765
100,1,3,2,3.5,4,0.18,22,57.8557934731,128.9456010745
100,1,3,2,3.5,4,0.36,22,42.4640984696,308.3109919571
100,1,3,2,3.5,4,0.72,22,48.1929340754,465.1941097724
100,1.5,4,2.5,4,2,0.045,10,86.6589773444,17.5706646295
100,1.5,4,2.5,4,2,0.09,10,62.4058626556,63.1296171927
100,1.5,4,2.5,4,2,0.18,10,68.5725843801,105.2278820375
100,1.5,4,2.5,4,2,0.36,10,69.5676495215,490.9698996656
100,1.5,4,2.5,4,2,0.72,10,100.7262529078,165.1006711409
100,1.5,4,2.5,4,2,0.045,13,69.2187501705,18.118466899
100,1.5,4,2.5,4,2,0.09,13,66.5829893779,97.7896851976
100,1.5,4,2.5,4,2,0.18,13,54.3001331724,209.364548495
100,1.5,4,2.5,4,2,0.36,13,87.2503127382,69.1739422431
100,1.5,4,2.5,4,2,0.72,13,85.6367140913,142.6657736102
100,1.5,4,2.5,4,2,0.045,16,72.0815960492,65.306122449
100,1.5,4,2.5,4,2,0.09,16,63.7174229615,72.102425876
100,1.5,4,2.5,4,2,0.18,16,51.3502616507,195.5793703952
100,1.5,4,2.5,4,2,0.36,16,77.0384875387,85.1206434316
100,1.5,4,2.5,4,2,0.72,16,76.6369456212,154.9295774648
100,1.5,4,2.5,4,2,0.045,19,63.8094499307,90.9090909091
100,1.5,4,2.5,4,2,0.09,19,52.7595736838,130.6970509383
100,1.5,4,2.5,4,2,0.18,19,58.5322286385,209.1152815013
100,1.5,4,2.5,4,2,0.36,19,68.388199184,92.4932975871
100,1.5,4,2.5,4,2,0.72,19,78.6212915779,146.3903743316
100,1.5,4,2.5,4,2,0.045,22,60.8793088696,54.8037889039
100,1.5,4,2.5,4,2,0.09,22,47.7818145914,133.59375
100,1.5,4,2.5,4,2,0.18,22,58.0461021083,58.2261340555
100,1.5,4,2.5,4,2,0.36,22,58.6869053313,94.5040214477
100,1.5,4,2.5,4,2,0.72,22,63.4444927175,155.3463349025
100,2,5,3,2,2.5,0.045,10,98.967710568,104.9465240642
100,2,5,3,2,2.5,0.09,10,111.6501301123,185.9531772575
100,2,5,3,2,2.5,0.18,10,144.8380060384,59.1795561533
100,2,5,3,2,2.5,0.36,10,132.4477748486,128.6001339585
100,2,5,3,2,2.5,0.72,10,134.310324495,238.6058981233
100,2,5,3,2,2.5,0.045,13,94.8583255023,113.2707774799
100,2,5,3,2,2.5,0.09,13,99.8547151584,235.7859531773
100,2,5,3,2,2.5,0.18,13,132.4925659193,58.3050847458
100,2,5,3,2,2.5,0.36,13,132.6807352622,148.2851378615
100,2,5,3,2,2.5,0.72,13,144.2776953509,255.6894243641
100,2,5,3,2,2.5,0.045,16,70.5329375583,149.5640509725
100,2,5,3,2,2.5,0.09,16,86.474534867,282.6961770624
100,2,5,3,2,2.5,0.18,16,138.7038008576,73.2034922767
100,2,5,3,2,2.5,0.36,16,131.8128298334,171.0261569417
100,2,5,3,2,2.5,0.72,16,122.918726589,266.5773610181
100,2,5,3,2,2.5,0.045,19,65.2629863467,105.6856187291
100,2,5,3,2,2.5,0.09,19,64.3562673887,305.8823529412
100,2,5,3,2,2.5,0.18,19,104.8935777182,73.9744451917
100,2,5,3,2,2.5,0.36,19,91.0514346655,165.7736101808
100,2,5,3,2,2.5,0.72,19,108.1992916589,263.6180228648
100,2,5,3,2,2.5,0.045,22,62.0726850215,161.7647058824
100,2,5,3,2,2.5,0.09,22,59.9273162811,363.3741888969
100,2,5,3,2,2.5,0.18,22,106.7866112965,82.4949698189
100,2,5,3,2,2.5,0.36,22,67.8390724739,188.376753507
100,2,5,3,2,2.5,0.72,22,105.1112373586,275.722932078
100,2.5,6,1,2.5,3,0.045,10,143.4006639714,38.8019060585
100,2.5,6,1,2.5,3,0.09,10,123.2171300511,83.3893745797
100,2.5,6,1,2.5,3,0.18,10,181.0506101634,36.8098159509
100,2.5,6,1,2.5,3,0.36,10,220.1476569384,49.798115747
100,2.5,6,1,2.5,3,0.72,10,180.4218770031,127.0161290323
100,2.5,6,1,2.5,3,0.045,13,119.8065016037,38.9000670691
100,2.5,6,1,2.5,3,0.09,13,131.9480534715,83.8926174497
100,2.5,6,1,2.5,3,0.18,13,169.7814388724,37.3134328358
100,2.5,6,1,2.5,3,0.36,13,179.4139355077,81.7567567568
100,2.5,6,1,2.5,3,0.72,13,176.8252549475,148.4949832776
100,2.5,6,1,2.5,3,0.045,16,147.5633175235,27.7589708869
100,2.5,6,1,2.5,3,0.09,16,118.5807888284,79.1610284168
100,2.5,6,1,2.5,3,0.18,16,184.3627182145,30.4259634888
100,2.5,6,1,2.5,3,0.36,16,186.3370908917,65.7276995305
100,2.5,6,1,2.5,3,0.72,16,175.4003811233,147.5519785379
100,2.5,6,1,2.5,3,0.045,19,98.2192252335,48.6301369863
100,2.5,6,1,2.5,3,0.09,19,99.6158878147,71.4762859051
100,2.5,6,1,2.5,3,0.18,19,108.402778352,69.7518443997
100,2.5,6,1,2.5,3,0.36,19,112.6857038141,113.4228187919
100,2.5,6,1,2.5,3,0.72,19,132.1508639765,184.2281879195
100,2.5,6,1,2.5,3,0.045,22,121.5306458193,80.9595202399
100,2.5,6,1,2.5,3,0.09,22,90.3390393337,44.4538526672
100,2.5,6,1,2.5,3,0.18,22,100.5355768583,68.1818181818
100,2.5,6,1,2.5,3,0.36,22,111.3780378684,129.3565683646
100,2.5,6,1,2.5,3,0.72,22,117.461346943,188.5080645161
100,3,2,1.5,3,3.5,0.045,10,88.1908502238,70.1281186784
100,3,2,1.5,3,3.5,0.09,10,94.3915487789,70.3177822853
100,3,2,1.5,3,3.5,0.18,10,101.7347155698,151.8096514745
100,3,2,1.5,3,3.5,0.36,10,92.7289640324,291.0798122066
100,3,2,1.5,3,3.5,0.72,10,108.3427922233,706.8273092369
100,3,2,1.5,3,3.5,0.045,13,91.4216447405,51.4705882353
100,3,2,1.5,3,3.5,0.09,13,84.8694433628,115.2815013405
100,3,2,1.5,3,3.5,0.18,13,108.3722892493,140.7506702413
100,3,2,1.5,3,3.5,0.36,13,93.4465104083,340.0267737617
100,3,2,1.5,3,3.5,0.045,16,78.4715073448,55.8546433378
100,3,2,1.5,3,3.5,0.09,16,96.1059644832,94.3775100402
100,3,2,1.5,3,3.5,0.18,16,98.1825859678,152.2177419355
100,3,2,1.5,3,3.5,0.36,16,95.9777006538,320.4697986577
100,3,2,1.5,3,3.5,0.045,19,87.0606581332,56.4137004701
100,3,2,1.5,3,3.5,0.09,19,87.5965202421,100
100,3,2,1.5,3,3.5,0.18,19,82.8074998805,163.6363636364
100,3,2,1.5,3,3.5,0.36,19,65.419622298,392.6174496644
100,3,2,1.5,3,3.5,0.045,22,61.7907182881,66.5322580645
100,3,2,1.5,3,3.5,0.09,22,78.2533626594,106.2542030935
100,3,2,1.5,3,3.5,0.18,22,73.9975624928,196.7871485944
125,1,4,3,2.5,3.5,0.045,10,83.1754428794,92.2459893048
125,1,4,3,2.5,3.5,0.09,10,87.710106601,187.5
125,1,4,3,2.5,3.5,0.18,10,124.6744304562,409.2741935484
125,1,4,3,2.5,3.5,0.36,10,122.9441598272,108.0080753701
125,1,4,3,2.5,3.5,0.72,10,88.1985008175,382.9431438127
125,1,4,3,2.5,3.5,0.045,13,90.3826568565,94.3143812709
125,1,4,3,2.5,3.5,0.09,13,93.1041273877,164.0991292699
125,1,4,3,2.5,3.5,0.18,13,102.0265550398,362.7844712182
125,1,4,3,2.5,3.5,0.36,13,120.8407166459,155.8265582656
125,1,4,3,2.5,3.5,0.72,13,84.7273713386,415.5495978552
125,1,4,3,2.5,3.5,0.045,16,63.3136803392,113.7281292059
125,1,4,3,2.5,3.5,0.09,16,66.9326578835,199.7991967871
125,1,4,3,2.5,3.5,0.18,16,70.2398954694,355.466130114
125,1,4,3,2.5,3.5,0.36,16,100.6605562282,182.7632461435
125,1,4,3,2.5,3.5,0.72,16,89.5236924228,337.2483221477
125,1,4,3,2.5,3.5,0.045,19,93.7141440903,80.6993947545
125,1,4,3,2.5,3.5,0.09,19,98.6603469843,159.7454789015
125,1,4,3,2.5,3.5,0.18,19,69.389053212,315.6480859637
125,1,4,3,2.5,3.5,0.36,19,99.0787244992,192.9530201342
125,1,4,3,2.5,3.5,0.72,19,74.2625216028,288.0107166778
125,1,4,3,2.5,3.5,0.045,22,78.4852329035,68.9655172414
125,1,4,3,2.5,3.5,0.09,22,65.9327739758,183.2214765101
125,1,4,3,2.5,3.5,0.18,22,63.728683747,418.6202277294
125,1,4,3,2.5,3.5,0.36,22,102.0848379816,183.749157114
125,1,4,3,2.5,3.5,0.72,22,74.3008648082,409.1213950369
125,1.5,5,1,3,4,0.045,10,135.0480355164,61.86267845
125,1.5,5,1,3,4,0.09,10,145.0066335345,29.8710115411
125,1.5,5,1,3,4,0.18,10,211.6939825599,36.8632707775
125,1.5,5,1,3,4,0.36,10,160.8273595662,96.3210702341
125,1.5,5,1,3,4,0.72,10,272.7731986433,115.6166219839
125,1.5,5,1,3,4,0.045,13,128.4404917811,59.6514745308
125,1.5,5,1,3,4,0.09,13,129.6869260171,31.4171122995
125,1.5,5,1,3,4,0.18,13,175.7975169857,68.5023505709
125,1.5,5,1,3,4,0.36,13,52.3348297878,36.7545076283
125,1.5,5,1,3,4,0.72,13,235.8104013285,103.2388663968
125,1.5,5,1,3,4,0.045,16,95.6788434204,62.5
125,1.5,5,1,3,4,0.09,16,172.4672505519,38.7491502379
125,1.5,5,1,3,4,0.18,16,141.4369274018,58.5464333782
125,1.5,5,1,3,4,0.36,16,169.1553487029,91.8230563003
125,1.5,5,1,3,4,0.72,16,156.6646762671,78.2520325203
125,1.5,5,1,3,4,0.045,19,126.8675910053,58.583106267
125,1.5,5,1,3,4,0.09,19,100.5395144772,49.4245091401
125,1.5,5,1,3,4,0.18,19,93.8343151153,73.252688172
125,1.5,5,1,3,4,0.36,19,153.8174943412,118.7122736419
125,1.5,5,1,3,4,0.72,19,148.9981913029,96.2187711006
125,1.5,5,1,3,4,0.045,22,104.3893525303,71.0932260228
125,1.5,5,1,3,4,0.09,22,109.4676345787,41.610738255
125,1.5,5,1,3,4,0.18,22,117.203907192,79.4078061911
125,1.5,5,1,3,4,0.36,22,154.8214907446,121.9022103148
125,1.5,5,1,3,4,0.72,22,141.7013279312,192.7710843373
125,2,6,1.5,3.5,2,0.045,10,141.403820199,30.3819444444
125,2,6,1.5,3.5,2,0.09,10,105.7065049077,75.4716981132
125,2,6,1.5,3.5,2,0.18,10,108.6281090567,114.0939597315
125,2,6,1.5,3.5,2,0.36,10,195.5205147537,28.024606972
125,2,6,1.5,3.5,2,0.72,10,160.4903053625,82.3170731707
125,2,6,1.5,3.5,2,0.045,13,97.0704858981,48.8038277512
125,2,6,1.5,3.5,2,0.09,13,117.2001112922,65.7718120805
125,2,6,1.5,3.5,2,0.18,13,157.4731168829,27.6839972991
125,2,6,1.5,3.5,2,0.36,13,197.8505751843,29.2517006803
125,2,6,1.5,3.5,2,0.72,13,133.7339594902,113.6058981233
125,2,6,1.5,3.5,2,0.045,16,97.5839137135,39.2477514309
125,2,6,1.5,3.5,2,0.09,16,88.9475197721,75.0167448091
125,2,6,1.5,3.5,2,0.18,16,151.7779444445,26.2249827467
125,2,6,1.5,3.5,2,0.36,16,130.4357999202,52.027027027
125,2,6,1.5,3.5,2,0.72,16,142.4679409752,88.4537474679
125,2,6,1.5,3.5,2,0.045,19,83.7012774788,44.0414507772
125,2,6,1.5,3.5,2,0.09,19,90.4630255075,92.3803101821
125,2,6,1.5,3.5,2,0.18,19,130.3078429934,25.2732240437
125,2,6,1.5,3.5,2,0.36,19,159.7286222438,32.967032967
125,2,6,1.5,3.5,2,0.72,19,111.9696680224,121.395036888
125,2,6,1.5,3.5,2,0.045,22,85.3476661857,42.3509075194
125,2,6,1.5,3.5,2,0.09,22,88.774193503,72.0053835801
125,2,6,1.5,3.5,2,0.18,22,133.6891427139,24.6406570842
125,2,6,1.5,3.5,2,0.36,22,149.6279811065,37.2628726287
125,2,6,1.5,3.5,2,0.72,22,113.1949348495,130.7847082495
125,2.5,2,2,4,2.5,0.045,10,147.0306893115,16.6551006246
125,2.5,2,2,4,2.5,0.09,10,117.5269567383,44.2953020134
125,2.5,2,2,4,2.5,0.18,10,115.6806553432,83.9489590329
125,2.5,2,2,4,2.5,0.36,10,133.8727120056,144.4444444444
125,2.5,2,2,4,2.5,0.72,10,146.3319978875,233.7139019476
125,2.5,2,2,4,2.5,0.045,13,125.4627004069,17.0648464164
125,2.5,2,2,4,2.5,0.09,13,118.0336347599,53.450608931
125,2.5,2,2,4,2.5,0.18,13,132.3908190112,69.7518443997
125,2.5,2,2,4,2.5,0.36,13,163.0314120611,128.8590604027
125,2.5,2,2,4,2.5,0.72,13,133.0618716857,220.5783456624
125,2.5,2,2,4,2.5,0.045,16,137.1672655452,13.6147038802
125,2.5,2,2,4,2.5,0.09,16,104.4704669318,49.3910690122
125,2.5,2,2,4,2.5,0.18,16,110.4310439009,72.4932249322
125,2.5,2,2,4,2.5,0.36,16,102.678592246,153.5353535354
125,2.5,2,2,4,2.5,0.72,16,108.2578486934,259.8794373744
125,2.5,2,2,4,2.5,0.045,19,128.7611592838,14.4131777625
125,2.5,2,2,4,2.5,0.09,19,71.7654833838,67.9676985195
125,2.5,2,2,4,2.5,0.18,19,112.8960342258,85.5614973262
125,2.5,2,2,4,2.5,0.36,19,80.2859483335,167.0020120724
125,2.5,2,2,4,2.5,0.72,19,111.9209494203,272.1179624665
125,2.5,2,2,4,2.5,0.045,22,111.4851095616,14.4032921811
125,2.5,2,2,4,2.5,0.09,22,76.6181380033,59.6610169492
125,2.5,2,2,4,2.5,0.18,22,97.3141075932,78.2726045884
125,2.5,2,2,4,2.5,0.36,22,104.074202436,120.3641267701
125,2.5,2,2,4,2.5,0.72,22,107.7528753862,233.69199731
125,3,3,2.5,2,3,0.045,10,133.1460103225,60.3799185889
125,3,3,2.5,2,3,0.09,10,150.4565708182,61.0328638498
125,3,3,2.5,2,3,0.18,10,175.1687820037,94.9197860963
125,3,3,2.5,2,3,0.36,10,159.1432343857,204.0268456376
125,3,3,2.5,2,3,0.72,10,156.8637129387,414.7157190635
125,3,3,2.5,2,3,0.045,13,123.2412908254,65.3198653199
125,3,3,2.5,2,3,0.09,13,132.9087788656,62.1621621622
125,3,3,2.5,2,3,0.18,13,121.9071443666,132.8859060403
125,3,3,2.5,2,3,0.36,13,153.4818406246,194.7615849563
125,3,3,2.5,2,3,0.72,13,147.8873691911,391.5662650602
125,3,3,2.5,2,3,0.045,16,118.0311614632,76.1968981794
125,3,3,2.5,2,3,0.09,16,94.6266794284,79.1415157612
125,3,3,2.5,2,3,0.18,16,126.9618447049,122.654155496
125,3,3,2.5,2,3,0.36,16,188.1530327857,190.6040268456
125,3,3,2.5,2,3,0.72,16,178.5743043192,343.9597315436
125,3,3,2.5,2,3,0.045,19,120.0018010812,58.0688723835
125,3,3,2.5,2,3,0.09,19,135.3135234566,48.6486486486
125,3,3,2.5,2,3,0.18,19,124.1428045408,110.3633916555
125,3,3,2.5,2,3,0.36,19,133.64876248,207.8272604588
125,3,3,2.5,2,3,0.72,19,125.8986367445,488.6211512718
125,3,3,2.5,2,3,0.045,22,113.8659798859,72.8609625668
125,3,3,2.5,2,3,0.09,22,108.3511559625,73.4006734007
125,3,3,2.5,2,3,0.18,22,120.932988848,117.6866173504
125,3,3,2.5,2,3,0.36,22,115.9999445584,227.1505376344
125,3,3,2.5,2,3,0.72,22,122.0788375907,462.4664879357
150,1,5,1.5,4,3,0.045,10,125.8780873661,27.4368231047
150,1,5,1.5,4,3,0.09,10,98.1521489072,65.0847457627
150,1,5,1.5,4,3,0.18,10,94.6490377528,198.3914209115
150,1,5,1.5,4,3,0.36,10,163.3736009484,41.6946872898
150,1,5,1.5,4,3,0.72,10,145.5054900828,119.3029490617
150,1,5,1.5,4,3,0.045,13,104.5658499162,33.8835794961
150,1,5,1.5,4,3,0.09,13,94.4897046314,72.4832214765
150,1,5,1.5,4,3,0.18,13,108.2053217547,41.6386836803
150,1,5,1.5,4,3,0.36,13,124.0091814097,69.2934782609
150,1,5,1.5,4,3,0.72,13,134.8489717322,122.0498988537
150,1,5,1.5,4,3,0.045,16,85.7230132141,42.471042471
150,1,5,1.5,4,3,0.09,16,67.4177157753,112.8274009402
150,1,5,1.5,4,3,0.18,16,103.2203260752,38.3064516129
150,1,5,1.5,4,3,0.36,16,127.2799783709,67.0277589709
150,1,5,1.5,4,3,0.72,16,133.3869992712,117.1717171717
150,1,5,1.5,4,3,0.045,19,93.3636892228,43.9367311072
150,1,5,1.5,4,3,0.09,19,115.3130032569,19.1599115696
150,1,5,1.5,4,3,0.18,19,118.9556360711,31.9727891156
150,1,5,1.5,4,3,0.36,19,115.5392417235,74.5967741935
150,1,5,1.5,4,3,0.72,19,110.4484867702,139.8526456798
150,1,5,1.5,4,3,0.045,22,82.1893981311,53.6723163842
150,1,5,1.5,4,3,0.09,22,66.6394212618,103.7735849057
150,1,5,1.5,4,3,0.18,22,96.8991208913,37.8122889939
150,1,5,1.5,4,3,0.36,22,82.3367907643,85.5795148248
150,1,5,1.5,4,3,0.72,22,111.5900847137,136.1502347418
150,1.5,6,2,2,3.5,0.045,10,126.6888952904,91.2139503689
150,1.5,6,2,2,3.5,0.09,10,185.0754630189,20.8768267223
150,1.5,6,2,2,3.5,0.18,10,205.5975414025,38.3824537354
150,1.5,6,2,2,3.5,0.36,10,186.660764982,89.5622895623
150,1.5,6,2,2,3.5,0.72,10,176.5427734892,157.9301075269
150,1.5,6,2,2,3.5,0.045,13,106.2822196994,98.6577181208
150,1.5,6,2,2,3.5,0.09,13,181.9729098658,17.4094707521
150,1.5,6,2,2,3.5,0.18,13,156.0010145332,52.2033898305
150,1.5,6,2,2,3.5,0.36,13,167.3342474695,91.2751677852
150,1.5,6,2,2,3.5,0.72,13,156.7147245592,174.4966442953
150,1.5,6,2,2,3.5,0.045,16,79.6414241181,139.2235609103
150,1.5,6,2,2,3.5,0.09,16,107.663465446,34.4589937974
150,1.5,6,2,2,3.5,0.18,16,130.709714284,54.4720914593
150,1.5,6,2,2,3.5,0.36,16,139.9728136834,103.5642232683
150,1.5,6,2,2,3.5,0.72,16,152.3088831933,169.8996655518
150,1.5,6,2,2,3.5,0.045,19,88.334441971,102.6845637584
150,1.5,6,2,2,3.5,0.09,19,149.6263595225,26.4048747461
150,1.5,6,2,2,3.5,0.18,19,136.4503086203,54.8408937035
150,1.5,6,2,2,3.5,0.36,19,153.6309587017,93.9597315436
150,1.5,6,2,2,3.5,0.72,19,156.5601239985,163.0872483221
150,1.5,6,2,2,3.5,0.045,22,87.8652376684,115.5913978495
150,1.5,6,2,2,3.5,0.09,22,135.9612825353,28.9855072464
150,1.5,6,2,2,3.5,0.18,22,136.5107902709,48.0054090602
150,1.5,6,2,2,3.5,0.36,22,141.3717353961,99.395567495
150,1.5,6,2,2,3.5,0.72,22,159.392324268,171.6766867067
150,2,2,2.5,2.5,4,0.045,10,126.0714028404,88.8888888889
150,2,2,2.5,2.5,4,0.09,10,131.4769288107,88.8290713324
150,2,2,2.5,2.5,4,0.18,10,117.6660405795,179.9331103679
150,2,2,2.5,2.5,4,0.36,10,132.1497612864,258.7131367292
150,2,2,2.5,2.5,4,0.72,10,102.6204399651,769.7192513369
150,2,2,2.5,2.5,4,0.045,13,94.6471081129,63.6856368564
150,2,2,2.5,2.5,4,0.09,13,119.8198209167,91.6442048518
150,2,2,2.5,2.5,4,0.18,13,117.3732383275,185.9060402685
150,2,2,2.5,2.5,4,0.36,13,119.5289386596,359.4902749832
150,2,2,2.5,2.5,4,0.72,13,115.8748954496,827.4682698731
150,2,2,2.5,2.5,4,0.045,16,88.182803332,68.4563758389
150,2,2,2.5,2.5,4,0.09,16,105.2617898072,99.1957104558
150,2,2,2.5,2.5,4,0.18,16,93.8307282659,205.4886211513
150,2,2,2.5,2.5,4,0.36,16,98.8885233498,491.9678714859
150,2,2,2.5,2.5,4,0.72,16,99.0550682672,758.8227424749
150,2,2,2.5,2.5,4,0.045,19,83.1585845347,73.4501347709
150,2,2,2.5,2.5,4,0.09,19,100.0213731167,95.4942837929
150,2,2,2.5,2.5,4,0.18,19,130.7165557811,170.4697986577
150,2,2,2.5,2.5,4,0.36,19,105.3216014591,385.2842809365
150,2,2,2.5,2.5,4,0.72,19,89.7093338103,798.1165438714
150,2,2,2.5,2.5,4,0.045,22,81.1381634979,63.4278002699
150,2,2,2.5,2.5,4,0.09,22,94.3797950094,90.6040268456
150,2,2,2.5,2.5,4,0.18,22,100.8364360242,193.5483870968
150,2,2,2.5,2.5,4,0.36,22,104.013961322,437.4581939799
150,2,2,2.5,2.5,4,0.72,22,77.1659637833,915.5518394649
150,2.5,3,3,3,2,0.045,10,184.403926503,22.4184782609
150,2.5,3,3,3,2,0.09,10,124.0250299221,34.5997286296
150,2.5,3,3,3,2,0.18,10,170.5188654708,35.8350236646
150,2.5,3,3,3,2,0.36,10,154.3362956289,85.4068594486
150,2.5,3,3,3,2,0.72,10,188.8263905507,146.9798657718
150,2.5,3,3,3,2,0.045,13,135.2432395984,20.7774798928
150,2.5,3,3,3,2,0.09,13,145.1246489169,56.9323509712
150,2.5,3,3,3,2,0.18,13,156.6933564858,43.8892640108
150,2.5,3,3,3,2,0.36,13,160.3434899738,86.9272237197
150,2.5,3,3,3,2,0.72,13,170.2218874533,143.7206178643
150,2.5,3,3,3,2,0.045,16,102.0654464459,26.8456375839
150,2.5,3,3,3,2,0.09,16,126.1038771911,59.4996619337
150,2.5,3,3,3,2,0.18,16,146.5072873565,42.9155313351
150,2.5,3,3,3,2,0.36,16,140.055428185,88.4125920965
150,2.5,3,3,3,2,0.72,16,130.8559516784,165.6606304494
150,2.5,3,3,3,2,0.045,19,100.7079547629,33.0411328388
150,2.5,3,3,3,2,0.09,19,93.5209973792,70.3753351206
150,2.5,3,3,3,2,0.18,19,141.0772252329,39.6505376344
150,2.5,3,3,3,2,0.36,19,140.5251585909,83.836351442
150,2.5,3,3,3,2,0.72,19,119.1171069522,169.2307692308
150,2.5,3,3,3,2,0.045,22,92.7640747146,28.0054644809
150,2.5,3,3,3,2,0.09,22,123.0448661453,59.6514745308
150,2.5,3,3,3,2,0.18,22,106.3673251493,47.1698113208
150,2.5,3,3,3,2,0.36,22,123.6451012066,77.4410774411
150,2.5,3,3,3,2,0.72,22,149.7635894215,155.6002682763
150,3,4,1,3.5,2.5,0.045,10,170.9729286706,14.8950575491
150,3,4,1,3.5,2.5,0.09,10,163.5627492858,32.0819112628
150,3,4,1,3.5,2.5,0.18,10,190.6013230817,27.815468114
150,3,4,1,3.5,2.5,0.36,10,210.4605484356,53.0913978495
150,3,4,1,3.5,2.5,0.72,10,218.5059464733,89.2617449664
150,3,4,1,3.5,2.5,0.045,13,146.3893219232,16.9371912491
150,3,4,1,3.5,2.5,0.09,13,159.6488892403,30.0751879699
150,3,4,1,3.5,2.5,0.18,13,182.4457571116,24.9826509368
150,3,4,1,3.5,2.5,0.36,13,154.8862615848,57.9124579125
150,3,4,1,3.5,2.5,0.72,13,175.6098413871,105.9691482227
150,3,4,1,3.5,2.5,0.045,16,135.6556152918,10.4895104895
150,3,4,1,3.5,2.5,0.09,16,168.2392409272,14.7948890383
150,3,4,1,3.5,2.5,0.18,16,130.5342218452,35.3260869565
150,3,4,1,3.5,2.5,0.36,16,171.1375080615,51.8518518519
150,3,4,1,3.5,2.5,0.72,16,195.7131991858,94.3396226415
150,3,4,1,3.5,2.5,0.045,19,125.7801489275,25
150,3,4,1,3.5,2.5,0.09,19,143.7830673183,17.6510522743
150,3,4,1,3.5,2.5,0.18,19,141.2908702843,31.8860244233
150,3,4,1,3.5,2.5,0.36,19,159.5301819654,55.8170813719
150,3,4,1,3.5,2.5,0.72,19,139.2674444809,112.9791526564
150,3,4,1,3.5,2.5,0.045,22,155.1250375799,11.50202977
150,3,4,1,3.5,2.5,0.09,22,122.1057182935,20.979020979
150,3,4,1,3.5,2.5,0.18,22,161.8940834907,29.5126973233
150,3,4,1,3.5,2.5,0.36,22,154.4741169894,50.4710632571
150,3,4,1,3.5,2.5,0.72,22,174.8258010574,96.1667787492
175,1,6,2.5,3,2.5,0.045,10,98.8370689469,26.7379679144
175,1,6,2.5,3,2.5,0.09,10,85.5761578836,90.5432595573
175,1,6,2.5,3,2.5,0.18,10,89.2328245297,223.7106496986
175,1,6,2.5,3,2.5,0.36,10,189.9239209932,49.5978552279
175,1,6,2.5,3,2.5,0.72,10,206.928633678,70.8502024291
175,1,6,2.5,3,2.5,0.045,13,100.773091931,32.4324324324
175,1,6,2.5,3,2.5,0.09,13,67.3805201172,94.1883767535
175,1,6,2.5,3,2.5,0.18,13,75.4902153508,165.1006711409
175,1,6,2.5,3,2.5,0.36,13,146.7207893071,43.4201736807
175,1,6,2.5,3,2.5,0.72,13,138.4093295639,82.9399865138
175,1,6,2.5,3,2.5,0.045,16,88.668784475,30.1003344482
175,1,6,2.5,3,2.5,0.09,16,67.7131812027,91.8846411804
175,1,6,2.5,3,2.5,0.18,16,128.8333604747,23.7264480112
175,1,6,2.5,3,2.5,0.36,16,121.5531353033,41.2719891746
175,1,6,2.5,3,2.5,0.72,16,144.4601933647,84.2318059299
175,1,6,2.5,3,2.5,0.045,19,82.1563549081,53.3783783784
175,1,6,2.5,3,2.5,0.09,19,76.2446261442,87.8604963112
175,1,6,2.5,3,2.5,0.18,19,66.0468968525,219.397993311
175,1,6,2.5,3,2.5,0.36,19,147.946500654,38.7959866221
175,1,6,2.5,3,2.5,0.72,19,107.8143950809,101.8893387314
175,1,6,2.5,3,2.5,0.045,22,93.7743444712,50.1672240803
175,1,6,2.5,3,2.5,0.09,22,82.406666096,94.9197860963
175,1,6,2.5,3,2.5,0.18,22,104.8390490596,27.2851296044
175,1,6,2.5,3,2.5,0.36,22,129.350694123,44.966442953
175,1,6,2.5,3,2.5,0.72,22,101.1498365993,96.7092008059
175,1.5,2,3,3.5,3,0.045,10,172.0776688659,16.960651289
175,1.5,2,3,3.5,3,0.09,10,118.3108258275,62.8803245436
175,1.5,2,3,3.5,3,0.18,10,158.6239782089,85.6950067476
175,1.5,2,3,3.5,3,0.36,10,123.9571216774,146.7828418231
175,1.5,2,3,3.5,3,0.72,10,131.772793043,365.9090909091
175,1.5,2,3,3.5,3,0.045,13,122.4261617245,26.0695187166
175,1.5,2,3,3.5,3,0.09,13,114.4614591295,46.1329715061
175,1.5,2,3,3.5,3,0.18,13,100.6300442188,139.9866041527
175,1.5,2,3,3.5,3,0.36,13,129.5456915428,136.1502347418
175,1.5,2,3,3.5,3,0.72,13,127.1018409299,288.9632107023
175,1.5,2,3,3.5,3,0.045,16,110.4606592633,21.6802168022
175,1.5,2,3,3.5,3,0.09,16,89.0630464597,73.8482384824
175,1.5,2,3,3.5,3,0.18,16,94.8592882387,131.8090114324
175,1.5,2,3,3.5,3,0.36,16,140.5207184054,127.345844504
175,1.5,2,3,3.5,3,0.72,16,100.5944822867,411.1036789298
175,1.5,2,3,3.5,3,0.045,19,100.7862743137,23.1923601637
175,1.5,2,3,3.5,3,0.09,19,77.094229615,72.3461798513
175,1.5,2,3,3.5,3,0.18,19,76.522047632,112.3066577001
175,1.5,2,3,3.5,3,0.36,19,96.6149002505,153.6912751678
175,1.5,2,3,3.5,3,0.72,19,57.7412930801,470.1003344482
175,1.5,2,3,3.5,3,0.045,22,63.1292303109,36.6350067843
175,1.5,2,3,3.5,3,0.09,22,86.2790861969,58.9430894309
175,1.5,2,3,3.5,3,0.18,22,91.236025186,77.1812080537
175,1.5,2,3,3.5,3,0.36,22,48.5344026707,273.7617135208
175,1.5,2,3,3.5,3,0.72,22,98.7076948319,267.5585284281
175,2,3,1,4,3.5,0.045,10,217.0714217031,15.3738644305
175,2,3,1,4,3.5,0.09,10,174.5681670311,24.1212956582
175,2,3,1,4,3.5,0.18,10,200.2263708791,46.6847090663
175,2,3,1,4,3.5,0.36,10,189.7766608665,85.9060402685
175,2,3,1,4,3.5,0.72,10,213.9747400244,141.3261888814
175,2,3,1,4,3.5,0.045,13,99.9603357428,25.5548083389
175,2,3,1,4,3.5,0.09,13,162.9863664767,37.6344086022
175,2,3,1,4,3.5,0.18,13,175.0486349573,45.8530006743
175,2,3,1,4,3.5,0.36,13,148.4070765265,93.9597315436
175,2,3,1,4,3.5,0.72,13,153.3526290074,155.4959785523
175,2,3,1,4,3.5,0.045,16,103.9770929299,32.7540106952
175,2,3,1,4,3.5,0.09,16,143.687358913,40.8719346049
175,2,3,1,4,3.5,0.18,16,142.2225203574,55.7421087979
175,2,3,1,4,3.5,0.36,16,173.0919599542,86.3115306811
175,2,3,1,4,3.5,0.72,16,134.4211353397,190.093708166
175,2,3,1,4,3.5,0.045,19,119.8645036555,17.5438596491
175,2,3,1,4,3.5,0.09,19,130.5537928369,37.8378378378
175,2,3,1,4,3.5,0.18,19,161.735457499,41.3559322034
175,2,3,1,4,3.5,0.36,19,142.9463035307,92.9919137466
175,2,3,1,4,3.5,0.72,19,209.0732993068,147.9488903833
175,2,3,1,4,3.5,0.045,22,113.7682765239,22.0689655172
175,2,3,1,4,3.5,0.09,22,121.5948482465,30.0341296928
175,2,3,1,4,3.5,0.18,22,81.6613472587,55.7065217391
175,2,3,1,4,3.5,0.36,22,159.9868995608,91.0316925152
175,2,3,1,4,3.5,0.72,22,152.4528899012,146.7828418231
175,2.5,4,1.5,2,4,0.045,10,211.198439454,40.9946236559
175,2.5,4,1.5,2,4,0.09,10,224.2915787235,30.8430431803
175,2.5,4,1.5,2,4,0.18,10,212.2821487904,58.6253369272
175,2.5,4,1.5,2,4,0.36,10,211.3716864846,113.8647019424
175,2.5,4,1.5,2,4,0.72,10,262.8304700658,100.8119079838
175,2.5,4,1.5,2,4,0.045,13,193.6252407233,42.3102753526
175,2.5,4,1.5,2,4,0.09,13,191.6104447405,31.5934065934
175,2.5,4,1.5,2,4,0.18,13,209.447151093,65.0134048257
175,2.5,4,1.5,2,4,0.36,13,161.1646581642,108.2887700535
175,2.5,4,1.5,2,4,0.72,13,179.1222320861,231.0783657066
175,2.5,4,1.5,2,4,0.045,16,160.9576609262,49.0261920752
175,2.5,4,1.5,2,4,0.09,16,185.7159823497,36.9623655914
175,2.5,4,1.5,2,4,0.18,16,207.4138288473,49.5587236931
175,2.5,4,1.5,2,4,0.36,16,193.4459200544,101.4103425118
175,2.5,4,1.5,2,4,0.72,16,189.7046946945,225.935828877
175,2.5,4,1.5,2,4,0.045,19,209.9493501289,37.9146919431
175,2.5,4,1.5,2,4,0.09,19,144.2471353843,41.6946872898
175,2.5,4,1.5,2,4,0.18,19,161.8138703959,70.2702702703
175,2.5,4,1.5,2,4,0.36,19,178.2478068508,126.0898725687
175,2.5,4,1.5,2,4,0.72,19,182.6527122006,204.8192771084
175,2.5,4,1.5,2,4,0.045,22,146.8201574002,18.3798502383
175,2.5,4,1.5,2,4,0.09,22,162.7686546825,39.972899729
175,2.5,4,1.5,2,4,0.18,22,181.7962540768,69.1739422431
175,2.5,4,1.5,2,4,0.36,22,140.4741406688,152.144772118
175,2.5,4,1.5,2,4,0.72,22,143.8022401543,237.9356568365
175,3,5,2,2.5,2,0.045,10,193.0705648755,21.0597826087
175,3,5,2,2.5,2,0.09,10,179.3569879617,71.0455764075
175,3,5,2,2.5,2,0.18,10,270.0884555512,16.6898470097
175,3,5,2,2.5,2,0.36,10,240.2307187324,42.3102753526
175,3,5,2,2.5,2,0.72,10,243.7330922406,81.7694369973
175,3,5,2,2.5,2,0.045,13,176.1732520216,23.4741784038
175,3,5,2,2.5,2,0.09,13,180.6345609194,61.0738255034
175,3,5,2,2.5,2,0.18,13,242.4135513473,23.6646382691
175,3,5,2,2.5,2,0.36,13,200.0047655473,60.9919571046
175,3,5,2,2.5,2,0.72,13,303.1835857942,70.3281982585
175,3,5,2,2.5,2,0.045,16,133.3711419636,40.0815217391
175,3,5,2,2.5,2,0.09,16,160.1022461613,69.9394754539
175,3,5,2,2.5,2,0.18,16,231.4155942425,21.2474297464
175,3,5,2,2.5,2,0.36,16,207.0114103744,54.163845633
175,3,5,2,2.5,2,0.72,16,218.5098042342,93.101138647
175,3,5,2,2.5,2,0.045,19,127.1486350883,37.0121130552
175,3,5,2,2.5,2,0.09,19,195.4256626266,14.4329896907
175,3,5,2,2.5,2,0.18,19,206.1203458433,30.3643724696
175,3,5,2,2.5,2,0.36,19,208.8964670624,47.0114170584
175,3,5,2,2.5,2,0.72,19,195.1056271316,98.184263618
175,3,5,2,2.5,2,0.045,22,130.007639317,39.7039030956
175,3,5,2,2.5,2,0.09,22,189.101782394,16.8657765285
175,3,5,2,2.5,2,0.18,22,145.4896003628,36.1035422343
175,3,5,2,2.5,2,0.36,22,193.2311637747,56.5275908479
175,3,5,2,2.5,2,0.72,22,192.1524792871,97.2501676727
