orifice_size,aspect_ratio,width_ratio,normalized_orifice_length,normalized_oil_input_width,normalized_water_input_width,capillary_number,flow_rate_ratio,droplet_size,generation_rate
186.3948285,1.530172761,2.589309426,4.408783423,3.072853998,2.111730556,0.089739921,7.197449872,346.4250522,50.33639292
69.33379722,1.853632157,3.352568815,3.419136015,3.831511936,3.991644734,0.124897094,19.19185644,64.02874649,321.0105546
229.9737676,2.11031308,3.224032984,7.748423237,2.072372023,2.921562124,0.180666597,4.023309607,2351.386862,86.80846957
215.1064252,1.612218822,3.662116864,4.496098261,3.268118604,3.218289312,0.169673452,13.55902997,244.4162748,117.5920686
283.627642,1.352259764,2.638229954,7.915646047,3.257299366,2.885490432,0.097612178,3.092791118,2350.255433,36.38025186
212.4936931,2.70874435,2.650063979,4.135341761,2.099864843,2.360800969,0.023463401,10.60609772,2849.727085,13.55999236
132.871192,2.928432058,3.176689921,3.19468906,2.62112968,2.182555281,0.052075033,11.35170531,556.2313745,49.8821618
121.9052175,2.951360245,3.897113422,6.386463747,2.059112111,2.693137622,0.05007586,9.27626495,2521.302793,55.99599603
221.9210548,1.808855596,3.075435737,1.3683518,3.010229062,2.607904336,0.194434279,6.03044551,124.8178537,78.42003103
242.1786981,2.256898445,3.762583375,2.40887659,2.712633135,3.850445929,0.151503635,2.965571738,1565.082086,56.16827964
178.8070746,1.011206177,2.787699843,8.554689889,2.84491032,2.776607248,0.157945813,4.246212945,627.495591,98.14392049
210.0473402,1.604438586,3.526465936,6.399490582,3.946384072,3.647096127,0.11786841,2.774333899,2149.399222,61.44108058
221.614159,1.409868935,3.028633033,4.813174534,2.933765173,3.376983045,0.197712009,10.59484499,250.2824437,116.6804133
237.6448908,2.054939419,3.952657239,5.62197415,2.753716083,2.524286561,0.218447829,16.42390606,277.2686797,153.1947373
114.6689211,1.706460371,3.901888785,3.047596566,2.501926099,3.891074427,0.03728019,12.57831688,771.7359114,44.90971062
232.8632574,2.430732559,2.321992973,2.049687588,3.724831679,2.210392927,0.078453986,6.312469541,322.8012732,32.09086886
72.9301416,2.834968747,2.344277631,3.32432759,3.912061903,2.999865132,0.199455284,4.077071156,151.9393849,266.5493603
199.3354971,1.722154582,3.258298434,1.256959687,2.937287463,2.279367472,0.076377281,9.930866375,143.841945,40.96919862
275.098621,1.819051066,3.00221474,2.132299129,2.946767358,2.052816518,0.159307239,7.701691063,181.8887611,56.90974139
282.2597856,2.679806394,2.24988327,6.815236788,2.797111826,3.772940742,0.096337321,2.91958159,5562.222196,36.23755125
113.1551307,1.465699343,3.749042267,2.426007913,3.734592412,2.213971713,0.211058357,3.131860011,135.2868725,155.9427051
251.0908612,2.852564711,3.988973069,1.732746263,2.725538724,2.106399983,0.207085223,2.155823887,857.0153127,64.17338112
237.4394131,2.538459935,3.429812207,4.33362381,3.726354707,3.07589645,0.191398024,13.52246781,285.718779,123.4393547
89.79633039,2.160763116,2.478589882,1.981735891,2.45971219,2.934469226,0.119486548,3.397835311,280.0529289,102.5464395
197.8477435,1.828132793,2.743142158,4.744570346,2.947096177,2.839642744,0.080264221,18.75538368,301.3044138,68.67865575
203.4148477,2.241480943,3.985677559,3.685397849,2.771059731,3.456357663,0.035814228,9.521797212,2449.641381,22.59069389
289.9945818,2.75427061,2.186575805,4.753053644,2.977929217,3.145469996,0.085585243,3.436680535,2981.033589,28.41185057
170.7338945,1.684934201,3.659307436,6.818740945,2.40292562,3.953372698,0.173728551,18.57786912,365.9031233,188.7391527
175.6006649,1.790048719,2.595113511,6.255200177,2.752623397,2.613714734,0.090453331,16.40513231,326.5093837,83.47799344
68.73183153,1.933406164,3.003198007,5.343985994,3.862429287,2.859847902,0.17487502,2.204389277,409.6345889,244.3459836
95.64992941,1.267222626,2.428188292,5.531564818,2.813794315,3.234211339,0.218536204,13.30319219,64.36721616,326.4699517
277.1883914,1.426790755,3.436237619,5.343589328,2.019211331,2.718100129,0.176700873,6.926458966,798.7029759,69.70920849
104.2890774,2.186484927,2.926310613,8.162733099,2.678056899,2.299327438,0.123846717,9.705690448,389.0553756,166.0088154
98.10009767,1.42470067,2.193369233,4.732852818,3.397411197,3.491970948,0.033553238,17.01594404,261.1919774,55.16312575
161.7555077,2.290383897,3.856579728,2.875500059,2.758777716,3.978367895,0.105333975,15.23898807,369.1022421,100.930272
138.9859187,2.982958876,2.601342235,2.435217659,3.478487186,3.778654573,0.047938903,11.93984015,498.4407298,46.93745971
215.2425998,1.034959973,2.537444808,1.378675673,2.743783249,2.297660099,0.107868903,18.53686391,32.63727999,71.48756258
113.4817154,1.697146017,2.528402911,5.766020226,3.545224402,3.294868985,0.032413878,2.190227064,3675.715008,27.16619173
158.0019852,2.802701317,2.629466182,1.422283554,2.099998257,2.764146222,0.136225904,2.780670603,575.4743532,62.50477283
244.540648,1.149773223,3.02652966,1.323576705,2.051577898,3.429599082,0.061764145,13.88844284,219.4939987,31.40670851
123.6856456,2.796270773,3.427254555,4.473167977,3.909727165,2.647253221,0.190400016,10.13089336,186.1205827,210.7771669
194.6608697,1.660470889,3.964685051,1.779461643,2.639469231,3.910241914,0.125365352,9.969839699,270.2891245,77.03812814
219.0166548,2.910758607,2.460388571,8.398280399,3.903000267,2.581778904,0.200130427,19.40745233,224.34491,181.2077891
193.279677,2.702755754,3.131495793,2.045211308,2.982484409,2.37233318,0.203066633,17.71383424,73.98256193,162.5760542
63.68214625,1.368348483,3.234397043,4.356580537,2.407004115,2.864193463,0.1975505,15.07567527,49.05961031,454.5586627
219.6808203,2.594795455,3.944261724,8.224861572,3.588087386,2.545298674,0.213526116,13.56182183,452.9980132,167.4684996
218.7932056,1.868860609,3.032700871,6.102530329,3.635290903,3.693332244,0.087739037,10.23795746,855.9005166,57.28613177
241.2590594,1.659355553,3.538473479,2.487689866,3.278118835,2.568902963,0.154277143,17.7526158,100.8310593,100.0290844
80.80633284,2.815364223,3.646754075,5.517179968,2.140890183,3.84466627,0.154631797,12.8684305,413.0888613,295.0143968
182.6128254,2.024859107,3.50136506,6.041299823,3.768624027,3.144972906,0.108760637,9.610206431,624.4871509,83.65323302
130.016123,2.532854491,3.6719359,1.153109811,3.784426829,3.349477897,0.206872258,12.20390401,48.88202365,212.3814132
270.5447567,2.673235746,3.333508089,6.756407396,2.063097662,3.284769687,0.127463624,2.897049842,7023.225796,49.48838354
217.9301525,1.986247137,3.084476854,3.633056721,3.96224538,3.527819781,0.097339664,2.369320467,1872.645953,41.45668577
180.2231897,1.830466307,2.530984884,8.662758302,2.166871339,3.126971653,0.027311949,8.442038061,4526.984191,20.27680881
74.45644544,1.801204742,2.235826212,5.635208384,3.934789583,3.847944291,0.218173418,16.7879604,45.11499315,501.6958454
122.4101874,2.66237488,3.606712942,3.841097588,2.157006983,2.770775178,0.097295668,16.70757622,356.7766893,126.1620441
173.9976694,1.502936121,3.901525908,5.977677216,2.090869396,2.404203192,0.218592426,12.74926683,251.6372047,179.8165295
182.8188904,1.499731334,2.940179386,3.328469221,3.929603942,3.14989235,0.147606599,7.879710723,184.91996,91.75041503
157.8791418,2.652100401,3.790984852,8.131802178,2.454322911,3.896356571,0.117443023,19.64137744,888.3444643,150.8845482
152.2825799,2.744420701,3.023219671,5.565472252,3.624395741,2.571482308,0.040568623,2.042987167,6019.558894,26.07022357
143.2275639,2.242614197,3.847310913,3.691164145,2.451776046,2.095365387,0.148782621,10.06598775,260.2988089,126.7017206
140.0572869,2.972110388,2.855631946,8.735823401,3.596829981,2.01092335,0.175448424,8.115270053,407.7555507,177.1716987
164.9381455,2.185355994,2.449533902,8.238330951,3.74335291,3.424460947,0.116441316,5.275182708,1083.310179,89.36239889
230.1458571,1.45743347,2.019000762,1.784171371,2.416609887,2.91402637,0.123329019,16.84367238,70.13742508,73.50818943
89.07844213,1.859934526,3.738204793,1.978013949,3.003470503,2.922391613,0.037442199,16.70023279,190.6311541,63.47431346
265.1761446,2.55814652,3.635761056,6.637131687,2.902556976,3.620703631,0.06820562,8.21796927,3643.033688,35.45914184
294.3750696,2.313923385,3.435487325,1.623392732,2.908273219,3.712577851,0.056852114,11.14095307,765.6554059,24.27100187
249.2140764,1.711623948,2.962204,8.694835823,2.05558381,3.544214995,0.028913398,3.136150716,20890.36732,12.82270048
197.4271151,1.556508895,3.066447879,8.412863896,3.93037051,2.19100631,0.150410649,3.179819802,923.9892078,85.08773626
223.4168005,2.883945519,3.228086456,8.452631876,2.55579464,3.68717354,0.084960331,3.285639833,9085.973456,45.81061847
136.4739398,2.439904619,2.014006986,5.635933271,2.330083339,3.178531862,0.129194126,15.21765623,262.2490789,145.8615914
273.1162194,1.303781271,2.666969086,4.263369929,2.458610441,2.653476821,0.163286599,9.150160144,292.4620818,67.24894227
93.66449113,1.827213223,3.604529279,1.083133862,2.994712113,3.24068698,0.09364443,3.784924279,204.0035657,82.65829094
229.8800153,1.944347261,2.102558029,3.843432967,2.030318962,2.822183476,0.199879543,6.259897513,401.2617436,82.61393699
281.8133112,2.935967131,3.344413325,1.075800162,2.986912281,2.447318161,0.030433568,8.300817773,965.5137194,11.38841443
208.5530605,2.344025651,2.113313215,6.408480978,2.313511331,2.029878195,0.205008576,15.92977838,177.8748228,153.0488098
87.26678313,1.073901428,3.441693061,1.227435641,3.729591385,2.468988693,0.159858272,12.49178204,13.12449461,223.7896095
278.0004777,1.70368479,2.287957363,4.343572419,3.887379631,3.679953977,0.16044776,2.931321904,947.3665446,54.3497674
260.6122243,1.386539554,3.206870726,5.174937043,3.715337335,2.687106715,0.119355754,4.859448756,747.7731462,48.1573759
279.0817899,1.643687516,2.555406924,8.13229671,3.577601001,3.694278215,0.155795866,15.83109344,399.1120984,98.90518828
180.2058189,1.372095449,3.166911261,8.577209975,2.309859875,2.608209231,0.221554653,14.76296602,231.8661594,201.6134601
213.793398,2.068547722,2.868253794,7.776707154,2.607371403,2.957300457,0.045850882,7.122086779,3426.184572,27.23715198
259.1658175,1.991424619,3.138327101,4.077189567,3.320906924,2.004215942,0.031251701,3.669856756,3475.08747,10.97446015
118.5575795,2.574008299,2.030008047,8.188179413,2.311720028,3.257503358,0.127523451,14.87205713,376.8885209,178.7337261
94.93351329,2.547453941,3.903191373,4.608697573,3.629099299,3.046695464,0.086453732,12.65815241,333.7337118,138.3922947
88.74209656,1.172936412,2.279769208,7.013273372,2.048670414,3.02825418,0.027570954,15.82690126,563.7523291,48.73084346
125.6948721,1.114993121,2.078174256,4.925632194,2.721991193,3.166719044,0.219000748,12.04254971,63.28378709,226.937759
275.6375451,1.064292472,3.633371247,2.601535907,2.72313753,3.169733643,0.087820095,3.353115743,1096.098814,26.35707446
144.1493655,1.980883076,2.055585302,4.017497728,2.371060705,2.049566423,0.145865007,2.58668389,540.2410344,76.20266973
272.9968751,2.719000699,2.450669011,7.646181715,2.161989013,2.483914016,0.059125531,12.25830659,2204.823398,32.18378231
196.5288146,1.799717822,3.302459554,7.541817898,2.702275679,3.968178239,0.141384148,5.221958335,1752.151268,88.25828138
258.5122433,1.928547471,2.05616425,6.836859145,3.855807941,2.087043737,0.112340321,15.8610761,212.8990562,70.88946595
101.1467722,1.449119699,3.894423217,8.690743803,3.779068914,2.920570726,0.034042824,3.71135395,3034.459527,41.13756403
196.8294066,1.32319843,3.198402147,5.215756495,2.568432083,2.566972856,0.166029463,6.947397415,376.4533968,92.02866114
245.9033413,2.207881616,3.641710728,5.343256589,2.315042779,2.672721812,0.164114247,9.769682439,760.7109982,86.59527055
65.03961744,1.973120827,3.217426764,4.719962389,2.821159957,3.619027857,0.147040714,13.15257646,129.2690761,333.5030764
269.6278908,2.860501856,3.748705307,1.053348928,3.392946853,2.396773822,0.042745956,10.99124273,457.8980203,19.37599285
174.0584527,1.477159798,2.160055618,8.345296964,3.431817282,3.357407612,0.06935819,19.45770309,335.9850234,76.16765345
157.3535932,1.148719114,2.596902402,5.263227192,2.353256313,2.371998641,0.030883749,5.008275719,1609.997567,18.39280961
52.65336794,1.48407454,3.589327357,5.167061217,2.514834545,2.189684936,0.023438644,16.89796249,318.5986559,70.87442609
203.9093831,2.365718828,3.845988018,1.862522941,3.722208071,2.878568519,0.11615628,12.05136844,190.9003651,76.12293858
282.6520281,2.309735564,3.97276259,8.017129845,3.796133258,3.188470826,0.104561171,12.01191394,1390.542425,61.58604375
263.6665406,2.097226672,3.098607355,7.204885711,2.188329108,2.650624327,0.050092013,13.38805156,2229.68607,29.09364941
71.06667563,2.722734009,3.601982369,7.698406705,3.29295783,2.144389475,0.183554498,4.06415718,468.3770662,303.802813
264.7523347,2.863908298,2.704429678,4.190789695,2.098363667,2.178888784,0.105295989,10.65806523,795.1234646,49.10676333
143.9111747,2.047796248,3.69817259,4.516650208,3.885230355,2.725987371,0.212476982,13.58894364,119.6174042,224.8831498
256.5220355,1.054936844,2.516199104,7.208269596,3.069716226,3.474414146,0.080240883,5.466968263,1266.392309,35.6446997
114.4551962,2.453164203,2.028484058,3.581560454,3.414479925,3.531264461,0.188757196,7.855024952,142.2854893,188.5340522
97.06034908,2.669027583,2.701549447,6.334670382,2.527894494,2.159702726,0.09833448,19.0162656,202.5516686,179.3696643
67.26760144,1.547368068,3.035554538,3.09054941,3.807764842,3.396847072,0.100193475,2.586910324,336.0921481,130.068445
180.8446961,1.941158464,2.445704574,4.49640522,2.811614919,3.25095588,0.08726516,19.73300785,259.2132888,83.66999971
249.7469755,2.904016706,3.104737493,7.629980035,2.348007273,3.392891157,0.178711428,13.80687658,1006.167667,118.7363422
237.2401953,1.770822006,2.712482714,1.880319175,2.574180076,3.287657564,0.084614523,7.305406142,442.7107967,34.82957527
142.9880369,1.385226056,3.47794119,4.583487205,3.678216755,3.836751609,0.162521788,6.269356537,323.2439594,132.0229436
233.2072117,1.993111494,3.621338084,3.291873141,2.651792602,2.751221245,0.166615242,16.96004315,203.437033,111.702276
135.9578283,2.574532272,2.671445545,8.069370345,2.409163646,3.155033838,0.038520988,13.35914364,1920.216588,45.67100606
53.90888477,1.116325304,3.546227853,7.738356303,3.470536457,3.377420625,0.193829971,4.820228071,172.0150702,432.7034345
140.5458,2.001861767,3.241685894,7.781535483,2.562550245,3.330067415,0.220474957,9.519930354,439.4159204,223.0513299
218.527359,1.707162291,3.714670727,7.196197275,2.886178866,3.88466854,0.172688511,4.901983694,1585.621145,95.97774644
74.99353348,1.083237158,2.524706856,2.593695038,3.356915616,2.587619852,0.111515117,19.79293887,18.57775613,237.4667394
178.320085,1.956026647,2.264746773,4.284589811,3.019551029,3.557165119,0.02381515,11.08242785,1510.696904,17.4717188
135.7881826,2.943214965,2.809552521,4.516921578,2.784981588,3.03456205,0.109566006,4.24206584,1189.006205,82.02551739
107.0719447,2.111137712,3.10691917,3.239143092,3.064924899,3.918203799,0.213979221,18.33154199,74.13937626,337.4590132
289.0643701,2.644258951,3.11714717,2.344681946,2.283380212,3.061855747,0.048349412,4.615606454,3356.806603,15.10953182
58.839314,2.138242889,2.710671102,5.0651611,2.924804709,3.003319859,0.173633543,7.377058528,138.4785743,342.597644
265.2361833,2.064851659,2.636982673,8.659432141,3.359092424,2.181756004,0.059514316,13.96300673,977.4670974,36.87176491
247.8328401,2.442705223,2.059169625,2.658725546,2.88792144,3.295983618,0.148927708,9.419265181,269.6514038,68.39602436
230.6104046,2.084906487,3.17864961,8.150053658,3.874204478,3.320228001,0.051223647,19.52449063,1067.342396,44.57159508
190.0194462,2.304858357,2.723848359,6.812336853,3.769934166,2.047161997,0.040813668,7.07348695,1528.62372,26.56013402
53.6495165,2.276359891,3.238023339,7.145246654,2.66126481,3.889330344,0.21224917,16.86926183,115.3316745,713.6915348
238.7742561,2.1893795,2.193035837,5.280535921,3.239958937,2.181830463,0.166598302,19.82444485,123.4360933,121.7847168
126.8182396,2.836247372,3.101579962,4.384585368,2.14135204,3.792973781,0.169837295,4.177690215,1221.124123,136.8307949
288.597714,2.769721325,2.009320217,8.952627995,2.050693934,3.946069821,0.116745644,7.790339891,3042.25408,55.66047022
276.9189099,2.144788606,2.318337415,7.414146451,3.799189918,2.867736657,0.097871313,10.52199285,748.2896834,51.36424901
214.926303,2.793844695,3.870475597,6.30778053,3.298406873,2.10285483,0.140178697,14.09805075,472.9298353,105.892121
114.0363336,2.252962029,2.967151291,5.790832612,2.869042485,3.487357482,0.194833145,18.66565495,147.5472897,307.8151779
82.69643854,2.022620961,3.429100831,7.542460973,2.962964259,2.321218229,0.211630033,6.769821915,236.5536499,320.506467
217.4991208,1.252243281,2.229368486,5.212296901,2.438349575,2.097605345,0.116694631,19.61213637,118.9622728,88.10346105
205.5035723,2.42774674,3.276296464,6.956437749,3.084998805,2.472282531,0.182125095,7.198454245,695.0673884,112.6240968
269.838003,2.249240514,2.431358137,2.945918728,2.302373482,2.113435372,0.058394086,12.08793012,565.3287848,26.10944806
267.4495612,1.112237372,3.163671169,6.425983875,2.315578911,2.224294402,0.099450488,12.40007701,471.055117,51.39276962
143.3759796,1.209073296,2.513595059,6.67521477,2.129042905,2.820375187,0.162416422,2.449575152,968.4815437,100.8015777
93.11932699,1.034825653,2.457199026,5.683690022,3.005973904,2.943790965,0.129517612,4.002821124,254.2169382,133.0256515
269.879893,1.905923068,3.435358068,6.997480061,2.838239426,3.136797391,0.038117305,11.22192583,3194.754045,20.85783784
256.7263848,1.996066409,3.834752919,7.599198182,2.80429947,3.988306177,0.021088707,7.085874756,14212.52804,11.21623902
115.0445026,1.912377044,3.586497632,7.937045683,3.462853525,2.130959744,0.210118974,12.33841579,148.6569686,286.4562501
63.33590353,1.072415489,3.349244918,1.623513795,2.628362523,3.739299062,0.172494016,17.89026103,17.02668736,412.6492704
189.1938857,2.504330901,3.455474263,6.238814115,2.732959316,3.937514704,0.14714595,3.328037484,3005.114451,86.31933022
264.8786787,2.019411444,2.895398628,6.257168273,2.896985075,2.385194944,0.069835219,11.60497108,984.5030741,36.9889235
84.5004963,2.356560664,2.391120352,7.901772209,3.310356404,3.890497821,0.117422088,8.13043448,463.1596263,194.4105233
175.6789701,1.563650396,3.754595935,4.495170618,2.275010799,2.409128983,0.079061444,4.822255663,1287.746671,43.47282639
118.0013235,1.563909405,2.489534306,6.694095117,2.422721302,2.393363185,0.177452678,6.478869765,264.2602273,165.7396424
70.15051455,2.803546979,2.67265322,1.846246657,2.707193071,3.994138302,0.120367123,12.13824955,97.99658954,224.4493874
108.4419921,2.389851303,3.180851981,7.993289497,2.474438023,2.831977721,0.105467936,12.83150817,557.25307,154.1624076
227.8169136,2.829905699,3.589973415,8.090145997,3.171436388,2.878005318,0.210412518,19.13164431,422.1018295,183.2942628
136.9090409,1.568570013,3.85514095,1.967282508,2.270665972,3.889983118,0.085371252,10.2449961,319.0171615,74.19337734
285.0171232,2.213353944,3.23187711,4.430786956,3.623481993,3.408241871,0.13070443,11.80319675,550.7720254,65.83195477
69.37564543,2.398904703,2.505686879,5.669186069,3.855940596,3.27098907,0.113250143,8.131341408,217.778672,210.8436756
98.88911695,2.109147108,3.972671071,2.189945231,2.52036799,3.147643494,0.052136288,6.402925206,678.850717,53.62535831
80.54112674,1.242932653,2.634895931,4.125153468,3.634992377,2.858860866,0.055521159,11.54779551,133.4752627,89.76954637
65.11141789,2.262806163,2.489886468,7.770177485,3.173904527,2.394477411,0.209194537,2.728670694,376.7301766,334.4585514
234.4766047,2.983958057,2.444796773,4.061198735,2.103445921,3.755424245,0.098244061,13.85718168,911.0362843,61.18556227
72.52391252,1.284452292,3.064038373,6.061188958,2.246586916,3.881935801,0.115147077,4.060516619,639.3551066,163.524154
184.1266106,2.090942293,3.484467362,7.753498022,3.660053094,2.775614206,0.191831902,9.695446042,424.1073293,153.4642884
93.33841299,1.957046572,3.317248414,1.191220796,3.960865153,2.070700917,0.209396558,9.749873163,18.48377393,249.5454799
294.0478829,2.132924627,2.661285874,8.404895526,3.269307273,3.784343566,0.054225209,10.61797181,2820.391692,28.46427091
199.5673903,2.861306834,2.195059048,7.817672154,3.554633637,3.755156085,0.147422063,9.881622473,710.5916136,111.0479693
249.2289962,2.096853951,2.688774056,1.526158584,3.934832516,2.039008858,0.057084645,11.04948152,176.1782869,26.72394569
87.93029375,1.46386882,3.827132731,7.010739168,3.920403511,2.345164171,0.105856473,3.804465382,512.9906425,134.6633206
104.2800442,1.318673593,2.287959941,2.146495359,2.078774318,2.400168558,0.12149107,9.086948665,70.62994288,112.5377572
160.0262871,1.209733549,2.272731178,5.22570421,2.188347875,3.784488121,0.152618457,12.27398769,212.2618724,128.5360502
127.1193321,1.308281845,2.167020153,7.871273547,2.946226156,2.863211269,0.046964766,17.884389,328.2176392,64.72911116
59.71395285,1.898973025,3.41257656,3.140987475,3.128144318,3.276600935,0.188972296,17.9820479,37.46646378,519.620903
141.6279215,1.460029994,3.54102258,6.569929123,2.913583826,3.78684364,0.107428481,10.51871222,553.3091953,109.1902985
210.1006051,2.235991206,2.440731678,7.796339036,2.629655576,3.338221557,0.05721484,15.43081452,1285.36626,46.11997594
75.99248305,1.482197613,3.124873394,2.940273967,3.375176269,2.724528772,0.046423453,8.214289166,219.0707933,66.77495023
165.1432597,2.14953833,2.897657676,1.737841353,3.496339844,2.366422768,0.088927969,6.026252589,225.764806,50.27893877
245.952622,2.926893153,2.000367338,1.988935756,3.728004059,3.411222663,0.163442204,2.644028079,606.4461667,55.48619601
70.71446608,1.643289619,2.160543305,2.387415221,2.560116146,2.973742606,0.07297213,8.170043337,116.781927,102.6516612
240.8041036,1.266134479,2.116199824,3.867321394,3.263348268,2.838199087,0.033442609,7.718810425,840.6971379,14.6309013
208.2381576,1.532750548,3.389692771,2.108693143,2.107041611,2.252665605,0.114569847,8.552988699,248.9091724,54.86414806
105.2973205,1.877492424,3.308557457,8.597265171,2.99478914,3.03662887,0.077572365,13.53362311,543.1238484,122.8383992
123.7220347,2.555082406,2.56667587,5.692642858,3.034807516,2.94288436,0.084657846,13.66639238,387.1309356,104.2073779
103.136832,2.866864898,3.481300998,5.838669513,3.218430152,2.598078149,0.191005227,10.32182457,246.0837168,262.2853109
63.95853442,1.040742132,3.230773178,7.91033194,2.46847329,2.339951978,0.036403966,12.67286798,349.5406749,84.41844094
245.5154421,1.923902171,2.817289737,3.42460184,3.811491071,3.658454857,0.133749837,18.66004023,175.2670813,93.41683192
200.0933238,1.426403151,2.6221204,2.346427033,2.513174058,3.216651342,0.084361617,18.617722,143.1016221,64.80693073
56.28473019,1.314195261,3.417639981,3.098039778,3.613412842,3.234420942,0.198371475,8.948180261,39.49378852,416.3387162
180.8404314,2.007970847,2.496129947,3.841708896,2.941982779,3.446099277,0.098176945,14.14207175,293.7715184,78.3827452
182.7370397,2.813086794,2.474809058,3.392653014,3.542432078,2.598243839,0.084041428,8.996406611,418.7036383,54.76907556
145.1229367,1.007102261,2.474437952,4.988934612,2.055165281,3.297036453,0.133543757,8.712239219,248.7812362,103.6844136
228.7610148,1.506423733,2.863691738,2.375066788,3.566063846,2.84471281,0.020774813,11.21026379,802.8374538,11.06402919
282.4979474,1.973619239,3.37762653,5.184270762,2.03384798,2.791185629,0.079796083,19.94142514,841.9967869,49.85805
169.9898358,1.78658134,2.790697466,6.412019282,3.010210123,2.190351189,0.135878662,19.65849318,148.0364903,143.2740418
63.31380908,2.130713167,2.209078735,2.410893372,2.432201876,2.071824077,0.093938891,5.955819568,109.390328,127.6765845
199.4376522,1.589136619,2.707302369,5.169546969,3.581482353,3.50177074,0.042583906,5.065025147,2010.737736,23.07537693
209.2249629,2.759680222,2.740715525,1.188379771,2.469827861,2.911879679,0.037273966,13.43331717,442.8017628,22.71783829
80.45691352,2.692903001,2.789624456,8.985259851,2.885422267,3.279933788,0.172852719,7.382409211,483.773225,300.9414752
56.50229459,1.249689329,2.839735864,3.857725425,3.019910109,3.837773256,0.097588953,8.084930431,124.5907374,197.6723389
216.8406434,2.103918801,3.594305097,8.565799335,3.204817993,2.077809939,0.22173442,17.20742723,238.6744279,187.9178213
81.15482017,2.979132901,3.35634551,3.093627814,2.184201525,3.499489906,0.151741865,10.66596743,248.5108143,241.0034225
83.97512786,1.095865667,2.888868368,7.346210544,2.801266803,2.018135321,0.217637723,12.65110391,51.1013452,373.2225408
227.7849287,1.711675345,2.92702706,3.246324081,3.228234111,3.010019101,0.053912561,12.63883841,506.9581347,31.67053978
196.0617567,2.091531064,2.608935651,6.953680108,3.130518239,3.359228985,0.045376363,4.687397309,3753.161117,26.42027117
120.9920055,2.543391822,3.434024295,5.331308292,2.504864416,2.514469766,0.021100166,12.91687973,2075.036864,25.50057115
171.518288,2.949099376,3.883573135,1.70570668,3.89309689,3.137040643,0.071827222,4.217907911,891.1985051,41.43009846
144.8912936,2.531409724,3.755540354,3.510692468,3.586500402,2.718773883,0.105900111,14.04676064,246.4333966,110.1810229
175.3615267,1.706265828,2.953791257,8.027470157,2.414528598,2.69175414,0.203836219,5.461200679,710.5146817,135.1554569
181.0682737,1.594326309,3.074988939,8.57687369,3.117600477,2.813864328,0.055941224,13.7824247,891.2863393,50.91524549
115.081351,2.679398014,2.71091213,7.182697804,3.699386888,2.54029189,0.111816825,17.11863706,215.3886157,174.5602793
290.8824501,1.832720638,3.149980858,6.146673618,3.205658598,3.976281462,0.124746542,12.02501655,853.5078278,65.04951552
199.8295292,2.300310256,2.358159158,3.109713036,2.888073635,3.942471838,0.086337059,3.554797799,1499.297076,39.21647676
272.9870516,2.26132771,3.978830018,3.414402118,2.974043947,2.915686516,0.126889444,5.083577882,1274.600478,47.94107828
176.4253923,2.827273862,2.468264643,4.068060196,2.023122564,2.435163146,0.020085582,12.27259174,2445.643858,14.8539489
243.5910055,1.797928234,2.675708682,6.247588014,2.256119573,2.436384085,0.036869251,9.373624065,2287.687028,18.75872049
227.6166776,2.302303414,3.932668111,6.98916654,2.467394233,2.517746986,0.083430055,4.062096862,4336.906489,40.81647605
299.1861822,2.046198258,3.873395562,4.723214167,3.733131415,2.126858389,0.023913084,9.170592297,2909.719069,10.25999794
99.72220352,1.374127401,3.709719924,4.577326635,2.633940094,2.220115708,0.111880029,19.16787513,91.45660327,188.9482293
170.2595748,2.487027924,3.043792846,5.811711337,3.285525818,2.514235526,0.207260749,7.793744693,354.8535613,151.7759562
116.3508925,1.346228304,2.612100949,5.25395989,2.41172343,3.799213582,0.10859925,5.271509502,591.5201347,96.5799543
112.4510175,2.533532355,2.133510742,6.7391292,2.077943742,3.058796798,0.164199496,16.4943139,222.6379671,241.2026185
187.1388599,2.66949754,3.640463869,6.085891096,3.018374953,3.062554936,0.217019004,12.59443413,410.874019,180.1615246
266.9291089,2.931808151,3.702830599,2.902144478,3.172245191,2.546946403,0.162276113,7.947879576,523.5179059,70.53242192
175.2345775,2.028481665,3.001568024,4.59185969,2.932032757,2.479212507,0.050208117,10.24679119,805.213051,36.2159827
208.361954,1.549895155,3.70199624,2.331581334,2.028209186,2.218468275,0.203709822,14.13451493,105.8899844,126.9247385
298.5899265,2.769802108,2.954437328,4.696310023,2.828489284,2.32062016,0.058113446,17.83843702,908.1791482,32.51046698
118.6732438,1.838895228,3.360973718,5.149138933,3.51027109,3.67338,0.108180768,11.41669696,319.9957374,131.9490159
57.32313281,2.412472765,2.102514447,4.615829807,3.562241565,2.755390223,0.078647342,12.74562924,103.5608308,193.4113857
284.5318861,1.927236549,3.616956345,1.222438316,3.112895777,3.943722874,0.077153502,8.576615196,464.2013791,30.36967248
250.6280344,1.769713666,3.381178962,4.551741593,2.145008773,2.609072639,0.028523796,4.268133304,6820.091545,10.65530797
159.0328318,2.989876304,2.531762224,5.33726119,2.961677582,3.440746056,0.221731249,3.882299773,867.1221062,147.3972988
240.9997984,2.080723064,2.647374509,1.385028939,3.487542217,3.541601282,0.161137321,6.73520766,172.043494,66.4524104
233.5931901,1.948037735,2.441215997,6.974723742,3.319728354,2.557723751,0.065254983,6.715763013,1362.174687,33.46258075
243.2448082,1.841236595,2.292759959,3.443812639,3.663560068,2.915510896,0.04305114,7.864433661,831.2095499,19.48741828
228.6145265,1.063755487,2.511283419,3.308144091,3.478291326,3.554777546,0.209681325,17.40332828,56.58224718,143.6289106
77.0234177,1.701833215,2.342335873,1.39895387,2.521123261,2.710415404,0.162633679,10.11606424,28.06803815,219.4963771
278.4099057,2.300746692,2.622979743,7.816191194,3.346571093,2.101985733,0.073047161,6.634273597,1702.066755,32.56405821
231.7311575,2.439646858,3.360809267,5.110150066,3.128299578,3.362330845,0.177982625,17.38919089,337.1817362,133.6050725
272.4655262,2.144333804,3.221781508,8.947947707,3.596714881,2.17409992,0.072458806,4.851209025,2896.38175,33.1572053
106.6643712,2.436453274,3.303594646,1.900546127,3.873981947,2.97924822,0.146237949,7.785341496,110.2183675,152.7248255
155.4970223,1.577122906,3.751911482,5.248357643,2.278273219,3.730477744,0.123266747,18.03062453,355.7669216,137.2082968
285.9228398,1.070076897,3.281213749,3.601489685,3.639117768,2.684733726,0.212702265,4.283834037,292.7392053,69.03703707
145.8228135,2.027604427,2.753357064,4.829775954,2.706494326,3.968536834,0.025053243,10.45550483,2200.96207,22.97156428
179.2393933,1.32849346,3.81210935,2.993156707,2.120396621,2.187513621,0.122743782,3.433647333,665.0681754,54.35737139
242.0204129,1.353101745,2.515832838,1.142950569,3.591328199,3.08407987,0.090876407,16.31701767,54.53436627,52.57678727
188.6086891,1.532809032,3.867920088,8.358519828,3.999800846,3.618123556,0.188268461,18.5913404,241.5535186,199.4820759
230.4354112,1.629941714,2.917879446,5.096492179,3.556652848,3.553695296,0.124324799,4.290173411,1046.323785,56.77067708
73.17574842,2.679686551,3.355425656,8.70092134,3.694034273,3.455899584,0.054376527,7.904802009,1246.010674,110.6868478
61.32514411,2.28674932,3.070603452,1.217849631,3.717824272,2.52182308,0.193416767,10.63922301,17.2860698,369.8654935
168.8907985,1.324027059,2.471766042,2.906524295,2.45167221,3.994342297,0.194039086,17.00805528,79.30912612,173.2337658
249.9056447,1.177066941,3.048802045,7.146010996,3.977905516,3.880407858,0.189863815,13.85178926,237.7086402,125.6688588
89.72951056,2.868221102,3.942831088,3.939319871,3.568239452,3.909762277,0.191445685,10.7267864,213.2841051,308.8917147
103.9717369,1.59843683,3.792572503,8.893521739,2.70209273,3.561008621,0.066903792,16.26696931,678.787502,118.4474029
127.448077,1.775890232,3.322705939,3.262003411,3.195543211,2.798439176,0.139388516,11.97823811,128.6699008,143.9995326
252.4645574,2.292948356,3.837385287,8.712460089,2.415412083,2.077932275,0.074337663,3.965812939,5647.677937,34.30605476
172.9272929,1.272283888,3.728973995,7.30135001,3.050278179,2.86251559,0.10406981,8.765320667,616.2485846,81.18668261
142.1253431,2.936915565,3.482492874,5.636929599,2.924328353,3.819770072,0.062806495,2.011055401,8473.80234,45.98394728
164.4360886,2.994851701,3.825479606,2.711641778,3.69943381,2.680372248,0.105250769,15.36405296,228.8861128,100.0937635
137.896063,2.689870498,3.814164033,3.430618865,2.475976352,3.910461202,0.025552838,15.02755854,1996.22271,29.04531685
244.7460581,2.808702661,2.533043726,3.417277217,2.159892652,2.427965844,0.174816282,2.02017367,1894.018382,54.88161023
184.041435,2.866814896,3.060244735,7.475211679,3.061481744,2.895685119,0.088080992,15.27737238,848.3669018,82.88472194
53.50093835,1.313335831,2.97230374,4.277965149,2.45674024,2.417116999,0.022969107,17.6317078,217.053882,66.69332528
234.083884,2.199045364,3.252960387,4.527221179,3.924375168,3.34030683,0.061909107,6.781566967,1536.906463,31.77057171
108.8421571,2.772262471,3.919457106,8.863967359,2.379463021,2.416661563,0.033422181,10.58067201,3010.747905,47.49221605
80.05093448,1.348840079,2.115949832,7.938771885,2.663707281,3.323451402,0.048739133,10.68126396,434.6983049,85.45835142
196.7390135,2.218560083,3.118450598,4.559809684,3.411381636,3.341741945,0.117793247,6.131299979,841.8154898,68.19889582
170.9134124,1.273992466,3.471578912,4.943554909,2.678227223,3.412196889,0.100714827,12.21280034,387.0681216,82.47581957
250.7890339,2.009710003,2.358174661,2.645713468,2.598689998,2.186666904,0.047058026,5.451010482,1031.521177,16.18390787
279.644181,2.162065185,3.656549075,4.529840402,3.275420924,3.080077169,0.113661332,8.485543352,976.4071655,51.19133307
233.772669,2.941095776,3.424469824,5.123353904,3.441738057,3.783873851,0.044404754,2.468897131,12096.98044,20.11879594
207.2758886,1.794041091,3.232295809,2.112698421,3.472405766,2.645876113,0.027050343,7.186260399,995.389564,13.33984857
110.0929312,2.922470658,2.678991222,3.643232174,2.515797921,2.997088622,0.143036114,17.21687667,151.9117941,207.7109798
123.0441348,1.015901472,2.537328725,4.524068035,3.483577044,2.268240854,0.176793268,4.326848467,122.1362857,130.4349989
135.6751661,1.906083903,3.203222969,8.209948273,2.816528278,2.291900217,0.103516242,8.457681867,632.1086192,102.563796
147.1854891,1.974831777,2.263106293,1.380284642,3.098457959,2.693130555,0.213369032,8.66633387,42.6789481,145.5180014
229.9543413,1.582694935,3.778132988,5.943654416,3.578623807,2.189446438,0.021882097,9.372487191,2438.058421,12.58234379
244.1670504,1.817946469,2.77275327,4.707299557,3.162806651,3.912545318,0.02901025,19.07531727,1295.133991,21.05883544
233.5706535,2.583991054,2.810466436,3.026092777,2.813309581,3.696690337,0.193662374,15.47339243,225.0788456,126.0453662
96.86849285,1.519683799,3.400709774,7.770470558,2.120479642,3.516264344,0.108273036,8.007640911,744.0038299,147.1787821
185.703274,2.952724499,3.093760756,5.14459474,3.506514174,2.644926244,0.046979133,8.437428719,1660.74607,32.60900147
134.1271963,2.021642295,3.429641161,7.990320793,2.307645571,3.616083101,0.083001178,3.739122383,3751.88416,71.48799993
275.1154692,1.954433208,2.49790033,3.566190887,2.2332193,2.687032385,0.119712824,3.865998107,1245.244838,36.56186591
262.9087994,1.441527986,2.309970692,5.840344952,3.232919107,3.187686298,0.072250931,3.52117189,1981.633023,26.84053
94.46007071,1.258176782,2.42922621,1.526433835,3.554088331,3.766688817,0.039791208,18.95110851,61.93635734,66.31664151
178.5011405,2.261226606,3.324146058,4.348693041,3.680251508,3.903441267,0.068852212,13.99036565,642.4615217,60.76723179
213.9592425,2.667979941,3.170667816,3.677017965,2.262033257,3.235939602,0.134208211,7.275789169,974.9948792,69.90640351
110.570248,2.711028281,2.415133937,7.401836838,3.588446749,2.194771986,0.029793104,9.553838543,1151.442644,37.5411352
79.04203062,2.294078774,3.110362889,3.48286232,2.034899741,2.930193118,0.16483805,8.147490133,210.6132542,229.3981096
227.0006432,2.194550153,2.540296547,7.434181201,2.450816293,2.256801474,0.15932405,4.603666309,1181.102482,75.38151109
106.4861142,2.265262888,3.885885321,6.634336118,2.802683191,3.128693156,0.104023222,18.44867219,361.7367129,181.5297
62.69468203,2.905153089,3.40260875,5.510936055,3.69619423,3.036800045,0.215739745,4.33683278,299.9132735,393.8104782
61.29528727,1.555889692,2.019139182,6.558938511,2.412592796,3.189500613,0.067188022,9.891273614,251.2466607,140.4553251
130.8338509,2.297529294,2.495138651,5.760369094,2.962488198,3.125133829,0.071307675,8.015282712,797.4125192,67.19048087
271.8101953,1.578177031,3.621943522,6.051951952,2.115500645,2.654400164,0.078953017,12.28422988,1216.45255,41.11067552
233.8928647,1.500106424,3.16548178,3.412555931,3.16031793,2.941534522,0.052655557,19.26827605,347.7080467,37.65051658
138.0418396,2.199537069,2.290739776,8.364318116,3.809574179,3.971000673,0.128173124,15.73088931,300.7610578,168.8311103
54.69414425,2.375336333,3.509030317,5.742850585,2.068239729,2.068190405,0.188829305,19.99056525,69.35467709,617.1998138
138.5627882,2.892387003,3.151946376,7.23293699,2.842241402,2.79254815,0.09915059,16.53162143,547.678222,126.811172
156.1510183,2.428510243,2.354344898,2.251977392,3.73599992,2.558326784,0.053079855,18.65436429,139.0457917,54.36022163
228.9778453,1.754423776,3.688227344,1.23466167,3.885004768,2.4020222,0.046303831,9.831498643,248.45196,23.0488381
92.40540553,2.334074284,3.849227845,4.618182918,2.859035137,2.533490471,0.19715848,6.995160418,246.3448252,247.384971
156.9096142,2.778224038,2.896827945,6.602357405,3.66190958,2.166551131,0.077969692,2.63042838,2405.179958,51.52019576
137.5141955,1.043618013,3.994405847,2.193027107,3.585424797,2.405246162,0.033109068,14.82384073,171.8290158,33.76242144
247.1775576,1.172034827,2.638294872,5.92220543,3.757144395,3.32494778,0.066137499,18.19172257,332.9367275,46.83338663
84.92718592,2.908764144,3.218931359,1.834925272,3.304180652,2.099773883,0.161288172,10.85810186,52.94654861,230.0296336
160.2519894,2.482833116,2.452275148,6.998220565,3.36872412,2.430748566,0.134829982,15.42806133,236.8560818,139.5014988
84.19842183,2.098130004,2.903158041,4.920688911,3.435538246,3.579121623,0.210443953,3.679057512,339.5795857,257.632395
293.7490967,1.768260659,2.308378131,4.186138732,3.051104982,3.682624839,0.210061561,10.13281538,284.6210406,89.85056993
72.4501064,1.410984333,2.075777938,4.996599356,3.78272988,3.773698236,0.043769794,15.09983779,160.0411593,94.06301555
115.8553542,2.622595357,2.214554629,7.866599891,3.714178363,3.922336814,0.213313316,2.448286727,1070.342425,209.7918387
215.2603495,1.559136541,3.39848051,5.316080944,2.654886676,3.407914462,0.208678958,15.16019027,246.0276654,152.6685325
72.25299179,2.521293864,2.376024661,1.374778517,3.513860849,2.395947328,0.110154376,18.30422397,20.12345817,232.3904135
247.6455953,1.168366449,3.503591273,3.766137714,3.913473911,2.213896642,0.154381904,8.677166985,161.2277778,72.44711798
264.474754,1.381061399,3.176893831,1.07515383,3.923932423,2.190776084,0.073400554,2.889279736,328.4415227,20.31141043
274.9070873,1.471764777,3.841695731,2.013959069,3.229765492,3.545629575,0.113221445,3.662134225,828.8145477,36.58278156
190.7544799,1.423443098,3.4072948,3.815012607,3.746291869,3.398873891,0.148706055,16.0128777,134.479457,123.9660726
89.21062757,2.447720025,3.273025216,6.957219363,3.091826708,3.802318973,0.126967047,12.94863109,371.9477273,231.422119
151.244612,1.462839287,2.089946035,6.590290865,3.987771863,2.757115652,0.07202165,7.035867293,415.7767077,56.96182358
168.2544868,2.79805824,3.058723141,6.086120394,2.027187564,3.969158767,0.12472664,11.9876526,1147.665369,110.9236922
219.9058324,2.466692253,2.838900755,8.215966307,2.223918282,2.36357402,0.053967903,11.41399874,2182.918893,36.22680424
82.80636631,1.966174434,3.510967128,5.961984244,3.440788338,2.83997319,0.21545636,13.88686541,94.01477188,411.1927747
114.7845402,2.144044662,2.606637122,7.872062676,2.027525812,2.435492412,0.179421768,8.521802045,396.7346752,200.1382129
173.630028,1.358681644,2.572524908,4.927281102,2.187303068,2.73039844,0.044668809,16.16845174,516.8371574,38.51843651
136.5439324,1.408112859,3.364142882,6.259212902,3.524654094,3.182124734,0.221781398,10.86145271,151.7370696,232.2652267
102.8200172,1.52803345,3.578937672,7.184785969,2.593626109,3.343728451,0.162869247,8.413738938,380.0791218,211.0144081
111.6021374,2.865244112,2.268448357,5.994682532,3.38685424,2.205461704,0.087904799,14.54749978,221.4273672,123.143879
151.704436,2.668394099,3.066459882,3.526708813,2.999369409,2.099539593,0.109688878,19.3923437,144.0642952,122.0237379
95.18759264,1.414268168,2.869252736,4.532976474,2.720628619,3.491211678,0.176562127,16.23867013,78.36520717,289.9836662
251.3483725,2.756240305,3.261813673,8.789829201,3.2833807,2.334940355,0.221976819,5.021328711,1267.246252,112.3691864
284.0183322,2.602728279,2.548867466,3.920347849,3.63937858,3.865979957,0.176780739,4.651799104,954.1651027,66.06785158
173.4534549,2.757714334,2.990945866,2.720890118,2.5739244,3.167847665,0.094871403,18.29690347,275.9989125,88.90284103
195.8525084,2.2307109,2.030967626,2.482356321,3.406972167,2.604828243,0.102114605,10.81238358,152.5249001,61.44060595
218.0831482,1.824741649,3.140491395,7.524413163,3.470889011,3.153896428,0.163699511,8.235660635,633.8034688,102.6488466
118.8144353,2.100046542,3.207160482,3.512778171,3.116430101,3.568021272,0.212655036,9.288919906,162.9291156,221.8767481
69.72064129,2.811743085,3.777670347,8.237570876,2.999222929,2.631444901,0.208144106,7.224139801,355.9553325,413.2063146
289.1560119,2.864482142,3.308102898,4.789801794,2.778412262,2.335534803,0.048930635,10.02888476,2248.179905,22.0874696
92.78704081,1.827719211,3.528566076,5.702017031,2.470498916,2.696585626,0.187655067,16.89538023,117.4694259,334.9217588
88.96142089,1.940050275,3.040846895,2.165072664,3.994662731,2.267186518,0.141648369,18.946983,24.02908399,257.5838435
293.1262249,2.025965547,3.176158258,8.997671691,2.747066411,2.157850874,0.06588587,10.12030135,1999.334891,32.8444766
236.5804182,1.267697526,3.07536922,2.896761377,2.12082814,3.503436542,0.189372961,14.51066611,160.6156584,109.5618815
286.2029853,1.471025843,3.284938359,2.492481957,3.610057845,2.409998339,0.165892861,7.789403278,178.0837961,61.02934629
64.47600168,1.054512041,2.529796221,5.383732998,3.091478198,3.534660903,0.082806985,11.17631751,114.4022476,171.9076994
252.3888572,2.269071385,2.310743606,4.357751802,3.285798139,2.30815869,0.066421867,3.640849985,1675.110687,23.91236669
291.7432478,2.173894591,3.539271864,7.126921692,2.620043071,3.465668088,0.158163692,15.84690082,844.2724318,94.25717092
247.3671071,1.813491212,2.698856532,4.422458701,3.608248345,2.437918298,0.12566522,8.247030079,349.0688066,59.00040965
63.2657185,1.274857405,2.255666324,6.34996519,3.510559875,3.811817707,0.201467513,8.852943981,70.32977893,414.8691795
171.0974625,1.65914593,3.856758716,3.178718264,2.881354162,2.924599785,0.061886068,6.009482411,949.8226044,37.09251187
144.0155466,1.151864127,2.292827193,4.610712433,3.246412293,2.335070501,0.123049674,9.518326456,107.697408,98.92131345
270.3804483,2.395612417,2.200317465,1.918991337,3.39438048,2.991060763,0.09483698,2.965444595,856.9340168,27.82496367
275.1867146,2.554845704,2.681702805,3.10205692,2.634807686,3.105395381,0.074169056,10.1856823,912.4470158,32.6991506
293.8994385,2.394403718,3.79788142,1.827693396,3.911399717,2.726572076,0.058415158,18.8512593,309.214419,33.3012847
262.8435445,1.453809096,2.825568489,4.455508916,3.244084958,3.898126185,0.079639075,6.095662011,1190.760564,33.28767785
83.30029183,2.584117678,3.142235008,6.540244008,2.503594159,3.578408077,0.039036529,3.950680442,4099.909428,52.24990498
107.5833397,1.577501531,3.602620083,7.225165219,2.406709605,3.752820705,0.075648761,15.11871999,602.2798641,118.4252991
207.6188566,2.127073174,3.585347575,7.355954378,3.549471455,3.712288909,0.211700871,7.923779132,726.1771685,144.0470877
288.6856206,1.480220844,2.877340798,5.371419185,2.853626111,3.196369524,0.040452826,6.507205614,2810.273112,15.61454727
141.8416631,1.885137432,2.518163206,8.417221634,2.302983633,2.592595084,0.179996734,19.14970888,185.1043009,233.9131261
131.4742865,2.151146303,2.07589817,4.896336278,3.79167011,2.476597214,0.067231669,19.66726474,142.0021866,89.63993235
206.3219706,2.163640044,3.248045386,6.576036331,3.919388868,2.815690542,0.171715806,9.978418007,399.7710885,119.435971
189.0403186,2.504268543,3.460369431,7.921305845,3.253638121,2.572542433,0.104592452,10.55478477,929.3903579,83.73055681
208.9537323,2.014866075,2.546076946,4.393284481,2.679722693,2.196678655,0.098364546,18.48601243,212.3009852,76.06496732
251.2853645,2.191053569,2.969816757,7.185193672,2.282625605,2.888068551,0.19301204,9.162238568,840.5724243,102.4605551
104.0240571,1.115720267,3.199139166,2.070999137,2.566431848,3.926751593,0.218227797,17.49826263,30.81064955,318.6364989
193.1694102,2.08321691,3.158480426,5.598584239,3.013198266,2.57811172,0.147819414,10.19622975,403.9542559,101.8823048
63.37701351,1.077418102,2.999487518,3.072085441,2.162677402,2.275740555,0.174495776,7.347536743,51.64172115,260.6676991
81.48450872,2.645130694,2.857078594,7.041301528,2.994693865,2.017638102,0.055919927,5.455228749,957.6539164,78.95840998
270.0908221,2.886383101,2.778527382,1.810625795,2.445512947,3.893875268,0.054904351,15.99227381,711.2172364,30.29619572
270.4861096,1.243684745,2.459705768,5.966214414,3.299520223,2.947686534,0.207387088,10.77673353,197.3326448,102.332364
197.9775929,2.770699178,3.22916066,6.061495614,2.83643546,2.564887467,0.034896178,16.09462952,1728.66735,29.5746039
105.8285858,1.428901656,3.597643313,2.633387901,2.270646542,2.233300539,0.20002788,6.429845444,109.558188,175.7211174
236.024584,1.023081229,2.63038124,1.641354556,2.393441473,3.950072541,0.085752291,12.23484516,163.9934541,43.36793028
175.4301764,1.326243714,3.502355962,1.033859442,2.806302971,3.251940686,0.173514138,19.4256179,28.96328188,155.0197899
149.0899763,2.43844661,2.982011417,8.940027789,3.388532204,2.610307359,0.206576034,4.265736691,847.2584663,170.5999221
74.18548175,1.473390922,2.101195385,7.069842955,3.107870345,3.852667691,0.059176909,3.219616921,1056.465443,83.05766149
270.7043314,1.616650486,2.664721143,8.847137647,2.231111238,2.404797806,0.197565807,19.33390162,291.1333442,135.3757344
278.765028,1.929337403,2.365962064,1.407500652,3.374641513,3.765791277,0.095202932,7.682360063,273.2665502,35.04917098
105.170105,1.422763146,3.282034808,1.673507071,2.090887446,2.798178655,0.048937812,16.35301288,137.4352401,64.26166272
278.3148111,1.313036798,2.601026151,3.649025559,2.591276292,3.288193207,0.184166933,6.385136205,374.2800041,65.60207145
92.37461635,1.049598381,2.611463006,6.872151269,2.928636453,3.339102968,0.177030334,19.55760584,57.29983327,348.3948247
244.2391464,1.600409748,2.984181342,8.63994795,2.345715116,2.950796229,0.138285595,6.462208783,1418.694304,70.72627173
189.4832523,1.397763146,3.122688219,2.536166237,2.978489605,2.853617872,0.0214744,10.74562519,870.8788832,13.39256856
118.4600355,1.049263551,3.41192662,5.411098897,2.060431173,3.063949657,0.172319338,7.749126794,255.5514371,165.4372555
57.15615404,2.975281041,2.382716455,5.227402277,3.070211121,2.79575918,0.035634705,4.83280233,1119.975713,66.3493903
114.7176774,2.640448711,3.668744861,7.699188214,3.604740579,3.164808918,0.058660603,2.294026844,5582.117698,58.98894586
256.1708004,2.330864472,2.593079671,4.655908255,3.156011323,2.321850544,0.043735716,15.18165092,798.7435851,25.8136427
244.1831069,1.99210066,2.955667347,7.452866514,3.434212304,2.714291768,0.154015311,15.53867269,353.8810978,107.5022124
167.3398725,1.715023102,3.485082388,4.640649613,3.72495693,3.402686275,0.100569428,17.59089861,239.6668036,103.8487922
253.4281243,2.370236255,3.771517185,6.139086473,2.378841878,2.552998606,0.141618391,2.618885518,4024.529552,55.4104731
119.997136,2.603575303,2.873578706,8.624637097,3.937889518,2.246162519,0.176812328,11.74799599,212.6210545,236.0047023
268.6689025,2.347482629,3.483435533,2.303962703,3.03794777,3.325423607,0.09833279,12.77192914,441.1789875,49.90441772
185.3735594,1.375082693,2.07212771,5.710599811,2.200766909,2.376192394,0.122309089,4.205739981,633.113031,59.18555452
148.5606042,2.523811602,2.838891999,5.78219003,3.324304444,3.086415459,0.195210771,14.2111389,205.9789099,208.7098483
203.9532243,2.723784974,2.246707109,5.909028312,3.602106199,2.493262888,0.182251242,19.78340972,141.5812829,164.234856
251.2527426,1.229419015,3.078014195,1.816795261,2.927841171,3.943391382,0.128354399,19.2341629,94.23791455,82.32375803
76.27345941,2.480880513,2.818390929,5.868484115,2.208766004,3.575635926,0.060763543,10.18205679,818.9010671,108.0828777
232.4091399,1.063506699,3.784025048,3.310347014,2.185368836,3.504195091,0.204988557,8.542486684,283.5114221,98.74136867
155.8303787,2.952738507,3.403851941,5.121445851,2.751073957,2.205074259,0.099842078,16.34606554,393.9439775,105.0131662
90.14646989,1.540784208,2.752267533,4.824569782,3.353412621,2.464173093,0.052642725,8.42210566,305.6785379,68.19970947
126.6012944,1.3505615,2.936153168,3.030252212,2.247719135,2.229578513,0.201130995,11.97513095,62.65149657,188.8117412
226.9250605,1.922881553,3.57210032,7.020040766,3.942098281,3.155933135,0.07454549,17.51665244,670.8510915,60.98604039
249.4306399,1.50754562,3.949956287,5.520692141,3.490030481,3.609529691,0.18901946,7.435904953,603.3747538,96.67172548
298.889307,1.836727367,2.537700314,4.62341024,3.729661227,2.01554253,0.035897517,17.55211996,552.4416795,19.39373662
262.3348499,1.62327152,2.912983347,3.05639029,2.032790862,3.339948841,0.125137547,9.140464008,544.6094918,52.72406039
51.35597435,2.943095073,3.697982223,6.177680297,2.955875934,2.195742192,0.027125747,19.49534809,485.0292877,98.94522935
139.6018925,2.863733477,3.097379421,1.089229888,3.726615772,3.910189464,0.084661914,19.01407423,87.91394676,102.1909489
176.0577907,1.514304065,2.67769347,6.628846133,3.391242845,3.858365403,0.198114182,16.25390284,167.2008085,193.1224241
124.1247466,2.629978935,2.299418903,7.15784954,3.906457694,2.959331658,0.192792423,3.580680037,589.612042,174.9985391
93.20271413,1.34224628,2.693765105,7.211484964,2.772593846,3.996583311,0.037579185,19.17846736,486.0562786,74.98510548
253.9126503,1.199611403,3.61764132,3.297417218,3.652010573,3.344390936,0.123710836,6.531411494,411.8077875,52.72304572
281.1892521,2.79309249,3.032449981,3.229326827,2.378740534,3.399447464,0.057502853,7.587017788,2519.361251,22.92438764
141.307857,2.769054435,2.285522119,1.54545142,3.285484395,2.482003237,0.063198053,17.77643053,92.9379881,67.40738777
183.1396868,2.481127471,3.409280834,5.316653366,2.788782273,2.728825381,0.089338451,9.795348363,920.9488256,64.68443162
173.2454576,1.196681666,3.005541744,7.177088158,3.382048285,2.301627607,0.127532559,19.64657168,121.4671777,135.1165017
77.85465759,2.302759727,2.118880337,4.643682926,2.35865662,2.841859337,0.06038785,5.779331431,608.9938462,77.7400336
171.1939268,1.633497371,2.888521458,3.504987645,2.804734952,2.326178039,0.200261681,16.83302621,69.65622781,175.4161872
254.6393926,1.497124898,2.16345229,1.8502106,2.178871248,2.521915517,0.13634474,5.287207357,245.0114288,41.4935288
64.38635257,1.896306268,3.411581418,7.705873602,2.476765484,2.54342564,0.193833149,16.35720922,103.9625259,517.6677126
200.3053161,1.118186512,2.420805767,1.217431974,2.851947532,3.763765503,0.030136944,19.25588805,150.1169146,23.04070399
287.8104892,1.15532437,3.31839127,3.472769028,3.368744658,2.076307799,0.051656762,11.58477944,394.6596575,22.41397883
115.1496627,2.518877481,2.863446138,3.600984579,2.76165371,2.781119982,0.196151885,3.884769387,395.2508122,156.8099763
196.1006466,2.604360039,2.224692857,4.938402801,3.054535805,2.521725579,0.196830013,13.21716918,178.0571638,143.335571
254.8507479,2.141337144,2.132130191,3.988603778,2.519144852,3.555642315,0.027275461,5.584021798,4300.820347,10.66018424
198.4293137,2.278998159,2.792991896,7.971301392,2.898697595,2.15782705,0.159714638,12.96631043,361.9105945,125.0247521
72.30458615,2.178244541,3.737259901,5.72797817,2.020946755,3.122380753,0.195555789,14.03980416,189.725802,416.8700214
290.536961,2.043629279,2.677908351,2.220228052,3.856771443,2.895148319,0.148144779,8.823363634,202.7324119,57.40720987
131.9419666,2.174622975,3.361046675,7.046559151,2.530018379,2.618302536,0.169703877,8.247715506,502.445873,167.0663417
142.3623476,1.397550035,3.135489323,1.21770194,2.383071448,2.34574924,0.023583517,9.719026886,326.2285671,16.73032866
55.26758786,2.002181589,2.70550471,2.469708564,3.300658819,2.572286156,0.220191425,9.900586154,26.43171311,457.1935647
102.404024,2.541021541,3.201293608,5.817262563,2.169626758,3.218032993,0.221520439,19.64589191,165.1541357,395.7913842
124.8419875,2.951341602,3.322350638,5.839226951,3.905672138,3.495589216,0.050570674,11.62050581,1088.633782,63.05979693
191.4393893,1.904913836,2.493339224,8.266824907,2.136962717,2.631556848,0.094343706,13.37175962,733.7380871,75.90631084
165.5403178,1.324952795,3.312501172,6.104723187,2.901752717,2.879157968,0.045878818,10.10064289,949.6641918,36.89328723
277.9628037,2.77175186,3.191411283,8.865120137,3.937285823,2.61898257,0.159610288,11.5995189,783.1469138,94.69966699
231.5228501,1.13938152,3.962201337,1.213580708,2.030002569,3.454257689,0.085053554,12.08021664,210.0676573,43.86280431
114.6228662,2.749772924,2.470707881,4.89978658,3.181597653,2.788453552,0.189799251,17.59512408,100.1377866,278.8916388
103.3242436,2.472982729,2.294393241,8.716278436,2.3522289,2.425475484,0.075028576,11.12094911,631.4966037,106.6793542
221.4740435,2.474496258,2.619271866,3.31314215,3.115453612,3.177217187,0.13358631,6.43895389,563.8695344,63.75056039
57.51888153,1.81134319,3.796200675,5.823525052,2.246090055,3.502980518,0.158026819,18.84318054,120.6345848,494.8506069
288.9079981,1.691100348,2.864337839,1.650051273,2.167740823,2.087641017,0.221961832,11.64828148,86.01197707,84.92994476
237.1809783,1.734442185,3.506525706,2.848557635,2.546967854,2.697793133,0.072411236,17.61989269,341.1282468,47.25147858
116.3244378,2.113319432,3.117071053,4.3644983,2.140154437,2.221947395,0.060483355,15.6216502,367.4878748,76.89766114
247.8969397,1.548842089,3.527212147,3.051549245,2.214671234,2.832973309,0.134953036,15.14021934,258.7311166,77.07352695
58.2575593,1.011404099,3.178685048,2.661662604,3.831101149,2.377640205,0.14655585,14.81701496,14.24741699,350.6507954
200.4450484,1.83549209,3.458446767,1.126206618,2.530538458,2.957282377,0.042853948,11.65319869,335.3442684,25.18617791
153.5407697,2.585293158,3.891123072,8.354626969,3.969563591,2.206795828,0.08456192,15.27277818,555.4718497,99.9057689
264.2646569,1.648374162,3.43032077,1.39852735,3.963345544,2.800696837,0.219423171,7.695145291,87.45918618,86.91917993
154.0657083,2.968299047,3.548055041,8.991945659,2.858293262,2.323756191,0.217864224,18.36811401,296.4087005,276.1627451
289.2958972,1.420441351,3.113451386,7.753535254,3.485110033,3.283205192,0.034788016,11.02647416,2436.25445,18.08702893
55.36949588,2.863657829,3.80393969,6.906157523,3.180931443,2.619534495,0.090933949,15.54544511,242.6623471,286.7448129
93.94293158,2.846280866,3.070222474,4.794435565,2.703941988,3.014768067,0.187577565,4.514113938,518.2655267,209.0939664
207.3794906,1.406680037,2.038623645,3.683485071,2.988503966,3.007804354,0.072915622,9.086261741,332.7721852,39.04810057
69.69619453,1.912754904,3.608960793,6.044865047,2.801682003,3.567105068,0.101558438,7.312874949,498.5745009,183.9535232
90.48401047,1.693096888,2.60855961,7.62183715,3.155760056,3.771986345,0.151260808,11.79233099,204.1052356,256.1320658
133.1507046,2.955199876,3.987043903,1.635485193,3.31149182,2.72374593,0.113761476,16.20227303,114.4984762,131.6398274
209.5578931,1.216680303,3.370655578,5.628895984,2.425693224,3.929057734,0.201401076,11.7280566,331.7285096,135.9876478
236.0613243,2.295699064,2.44398388,2.032472248,2.91843833,2.364424017,0.081240607,8.172599755,328.4764271,34.80671637
249.3198117,2.338938318,2.589883088,2.739927338,3.078877104,2.708853752,0.185486796,14.50112916,135.3546405,103.9982989
273.223879,2.557734488,2.716404978,2.741623412,2.425303244,2.865971828,0.208128179,16.7906938,175.9878851,114.634675
203.0273305,1.868628809,2.09968595,7.224720268,2.893566472,2.115170415,0.04925624,14.08086509,606.5606393,36.7341886
258.2393887,1.778545811,3.031542252,2.739028698,3.257209189,3.372321522,0.208214607,8.632616553,219.6733781,91.96192708
231.3864272,2.541224272,2.695251651,4.395784869,3.332881588,3.418394187,0.137635364,7.021488992,739.3662572,69.60994339
95.67599021,1.206844181,3.038237016,5.688476865,3.049500748,2.245949253,0.059386739,5.09314883,485.9226749,63.07050589
149.6425227,1.272406349,2.902963926,1.524214949,2.580706155,3.39812517,0.092622262,3.388744738,353.4396578,46.62961237
160.5326905,1.032812017,2.709935533,2.833678651,2.450887374,2.140962407,0.202397689,9.566113608,57.44323995,130.7083476
99.75037237,2.331093792,2.874227785,1.57648359,3.009507048,2.688449502,0.077481795,3.098836048,392.0064014,60.50392018
274.3094514,1.57121229,3.281924885,3.171978365,3.169221383,2.668682478,0.077595532,5.905718703,824.4595347,27.96049772
74.1142925,1.702160223,2.372604913,7.336587052,3.009302729,3.897635858,0.097073712,5.28397399,554.4916126,154.5693394
95.31966632,2.145888422,2.91785531,1.647909646,3.456093162,2.001053059,0.058153383,3.231277327,303.0475253,46.97700963
71.01922471,1.661752372,2.981846197,3.016523865,3.890404227,2.416561468,0.04076126,15.60054243,103.6931481,84.85124096
90.16887784,1.131706805,3.451149424,5.31475079,2.440626452,2.34392041,0.125242181,5.839445198,245.785693,142.5197853
126.888466,1.907120932,3.490993494,3.95079724,3.620209894,3.145242918,0.118341616,10.07073739,243.3076905,122.1067356
257.7505098,2.080195742,3.850459556,4.463285317,2.870417343,3.542360908,0.185333144,11.16431278,549.5834242,100.5615708
193.2159863,1.729819816,2.100496355,2.355376979,3.216023022,2.224026613,0.216046609,2.64843736,199.852669,79.80416843
87.2687597,1.541453402,3.24117404,2.196787048,2.408527355,2.328619762,0.024810806,6.428429809,580.6049525,25.79341444
71.04727772,1.026487853,3.027924988,7.213154084,2.625755168,3.365357847,0.035068575,10.26399412,567.1710939,67.9252594
278.6198388,2.777286904,3.492748726,8.186405968,3.272298201,3.294033787,0.023261556,14.32229826,6685.241564,14.7545374
271.3996741,2.042270886,3.771111464,8.287957122,2.25596139,2.80843252,0.052732876,8.030550568,5092.664757,26.4211492
211.1004355,2.848925967,3.564125018,4.243587864,3.646230419,3.073443338,0.197004854,17.43061279,223.2790315,162.4140007
177.0721839,2.122645527,3.951495482,3.216329408,3.538277082,3.117035487,0.046314467,14.22595918,638.7067533,39.45814997
297.2385236,2.330078602,2.957804241,8.968939259,3.198386627,3.040443749,0.090687,14.69321783,1310.781301,53.68034128
83.14730968,1.693429316,3.436182075,4.864136649,2.194611979,3.837137433,0.151314191,12.14929355,223.8288859,256.3670269
276.8892342,2.427663356,2.568654642,8.809435765,2.331902768,3.244254153,0.160655026,10.98317792,1199.307191,88.09125653
174.6553898,2.063129834,2.068677871,4.599999395,2.019422021,2.82763241,0.141720001,15.3755258,220.3402986,117.4717774
106.6120071,1.670289228,3.651907136,4.781010699,2.093091468,3.848685365,0.179012192,8.378795797,381.1511424,205.0498087
261.9523258,2.051052464,3.060994281,4.514054074,2.900066727,3.772155791,0.03020317,18.70195403,1709.505156,20.17770486
250.6089471,2.569099916,2.473554575,7.172129124,3.555663642,3.15740167,0.191623776,19.98188376,264.8930146,148.758254
54.02408445,1.067672808,2.99038366,5.624065941,3.80376612,2.350298787,0.020369997,11.38600027,258.4342213,51.32117408
285.4683094,1.602774186,3.507607194,7.70474833,3.622646149,2.25236307,0.212225538,13.0315661,277.9827708,117.9142431
237.3912355,1.994405595,3.981252304,6.786678044,2.223106187,2.772536025,0.204348637,19.07291928,409.3390591,158.5219368
268.164015,1.802277013,2.185915549,2.937952741,2.660604696,2.337922577,0.194986861,5.592581613,250.1107287,63.68554715
117.5353329,1.130373758,3.006427608,6.136789397,2.558192384,3.05053238,0.030369857,4.718910779,2039.578383,26.61566891
126.2099549,2.592722019,3.343936393,3.015844489,3.201469709,3.308909429,0.157994414,10.33572939,208.8666681,161.4784073
118.422732,2.447549684,2.842234532,1.37791552,3.941709207,3.438802127,0.163009353,14.91529765,40.73120445,199.3419141
221.3607539,2.148857926,3.650775884,2.767269997,3.858709948,2.368021859,0.181135774,15.66832511,103.9110664,124.6325452
205.9784074,2.749968183,2.451869179,3.586464113,3.194140114,2.052137686,0.158415118,7.681065916,262.9950445,83.50599789
94.48091232,2.024360299,2.495270089,1.424527884,2.601997131,3.21768308,0.021276519,9.265319936,426.4772376,23.67818451
214.1381307,1.652780678,3.443473011,1.927829833,3.777974926,2.66395014,0.090075216,9.128552748,201.4811371,47.520962
157.0644915,1.500171794,3.660373242,6.955747378,2.3768906,3.950392344,0.025951909,15.76785185,2436.561545,28.26392594
211.1356772,2.413135139,3.262749212,8.833493053,3.187449971,3.949401945,0.115515361,5.601933543,2811.704665,74.53930594
