chip_number,orifice_size,aspect_ratio,expansion_ratio,normalized_orifice_length,normalized_water_inlet,normalized_oil_inlet,flow_rate_ratio,capillary_number,regime,generation_rate,droplet_size
1,75,1,2,1,2,2,10,0.07,1,28.57,66.19
2,75,1,2,1,2,2,10,0.13,1,135.75,49.61
3,75,1,2,1,2,2,10,0.26,1,327.61,46.59
4,75,1,2,1,2,2,10,0.53,2,312.46,59.64
5,75,1,2,1,2,2,10,1.06,2,532.97,62.89
6,75,1,2,1,2,2,13,0.07,1,21.05,67.15
7,75,1,2,1,2,2,13,0.13,1,149.6,44
8,75,1,2,1,2,2,13,0.26,1,348.12,41.84
9,75,1,2,1,2,2,13,0.53,2,363.39,51.96
10,75,1,2,1,2,2,13,1.06,2,538.04,57.44
11,75,1,2,1,2,2,16,0.07,1,24.95,59.21
12,75,1,2,1,2,2,16,0.13,1,220.13,36.1
13,75,1,2,1,2,2,16,0.26,1,353.06,38.86
14,75,1,2,1,2,2,16,0.53,2,359.25,48.67
15,75,1,2,1,2,2,16,1.06,2,646.28,50.42
16,75,1,2,1,2,2,19,0.07,1,28.55,53.45
17,75,1,2,1,2,2,19,0.13,1,221.77,34.01
18,75,1,2,1,2,2,19,0.26,1,377.1,35.9
19,75,1,2,1,2,2,19,0.53,2,396.23,44.49
20,75,1,2,1,2,2,19,1.06,2,818.75,44.01
21,75,1,2,1,2,2,22,0.07,1,46.4,43.3
22,75,1,2,1,2,2,22,0.13,1,295.26,29.44
23,75,1,2,1,2,2,22,0.26,1,475.45,31.64
24,75,1,2,1,2,2,22,0.53,2,497.65,39.27
25,75,1,2,1,2,2,22,1.06,2,697.52,44.21
26,75,1.5,3,1.5,2.5,2.5,10,0.07,1,45.76,63.38
27,75,1.5,3,1.5,2.5,2.5,10,0.13,1,115.77,58.6
28,75,1.5,3,1.5,2.5,2.5,10,0.26,2,123.99,72.17
29,75,1.5,3,1.5,2.5,2.5,10,0.53,2,205.96,76.78
30,75,1.5,3,1.5,2.5,2.5,10,1.06,2,445.04,74.82
31,75,1.5,3,1.5,2.5,2.5,13,0.07,1,46.4,57.8
32,75,1.5,3,1.5,2.5,2.5,13,0.13,1,123.91,52.49
33,75,1.5,3,1.5,2.5,2.5,13,0.26,2,126.76,65.64
34,75,1.5,3,1.5,2.5,2.5,13,0.53,2,243.13,66.56
35,75,1.5,3,1.5,2.5,2.5,13,1.06,2,444.15,68.6
36,75,1.5,3,1.5,2.5,2.5,16,0.07,1,48.78,53.05
37,75,1.5,3,1.5,2.5,2.5,16,0.13,1,161.4,44.85
38,75,1.5,3,1.5,2.5,2.5,16,0.26,2,132.8,60.31
39,75,1.5,3,1.5,2.5,2.5,16,0.53,2,230.23,63.25
40,75,1.5,3,1.5,2.5,2.5,16,1.06,2,451.61,63.66
41,75,1.5,3,1.5,2.5,2.5,19,0.07,1,53.34,48.62
42,75,1.5,3,1.5,2.5,2.5,19,0.13,2,102.01,49.35
43,75,1.5,3,1.5,2.5,2.5,19,0.26,2,156.25,53.94
44,75,1.5,3,1.5,2.5,2.5,19,0.53,2,256.02,57.65
45,75,1.5,3,1.5,2.5,2.5,19,1.06,2,497.31,58.21
46,75,1.5,3,1.5,2.5,2.5,22,0.07,1,64.06,43.56
47,75,1.5,3,1.5,2.5,2.5,22,0.13,2,95.84,47.99
48,75,1.5,3,1.5,2.5,2.5,22,0.26,2,145.16,52.65
49,75,1.5,3,1.5,2.5,2.5,22,0.53,2,267.61,54.1
50,75,1.5,3,1.5,2.5,2.5,22,1.06,2,533.87,54.14
51,75,2,4,2,3,3,10,0.07,1,30.87,78.46
52,75,2,4,2,3,3,10,0.13,1,115.93,63.6
53,75,2,4,2,3,3,10,0.26,2,60.3,99.64
54,75,2,4,2,3,3,10,0.53,2,123.07,98.97
55,75,2,4,2,3,3,10,1.06,2,241.94,99.54
56,75,2,4,2,3,3,13,0.07,1,29.47,73.01
57,75,2,4,2,3,3,13,0.13,1,125.75,56.72
58,75,2,4,2,3,3,13,0.26,2,77.49,83.97
59,75,2,4,2,3,3,13,0.53,2,122.47,90.83
60,75,2,4,2,3,3,13,1.06,2,228.49,92.96
61,75,2,4,2,3,3,16,0.07,1,36.85,63.24
62,75,2,4,2,3,3,16,0.13,1,99.53,57.22
63,75,2,4,2,3,3,16,0.26,2,79.11,77.82
64,75,2,4,2,3,3,16,0.53,2,140.69,80.93
65,75,2,4,2,3,3,16,1.06,2,239.41,85.4
66,75,2,4,2,3,3,19,0.07,1,34.51,61.04
67,75,2,4,2,3,3,19,0.13,1,121.81,50.51
68,75,2,4,2,3,3,19,0.26,2,75.27,74.72
69,75,2,4,2,3,3,19,0.53,2,128.37,78.79
70,75,2,4,2,3,3,19,1.06,2,246.65,79.85
71,75,2,4,2,3,3,22,0.07,1,35.71,57.47
72,75,2,4,2,3,3,22,0.13,1,130.22,47.04
73,75,2,4,2,3,3,22,0.26,2,78.38,70.2
74,75,2,4,2,3,3,22,0.53,2,150.3,71.19
75,75,2,4,2,3,3,22,1.06,2,255.86,75.12
76,75,2.5,5,2.5,3.5,3.5,10,0.07,1,29.61,84.9
77,75,2.5,5,2.5,3.5,3.5,10,0.13,1,135.36,64.46
78,75,2.5,5,2.5,3.5,3.5,10,0.26,2,63.27,104.64
79,75,2.5,5,2.5,3.5,3.5,10,0.53,2,115.02,108.02
80,75,2.5,5,2.5,3.5,3.5,10,1.06,2,237.21,106.92
81,75,2.5,5,2.5,3.5,3.5,13,0.07,1,36.13,72.8
82,75,2.5,5,2.5,3.5,3.5,13,0.13,1,126.52,60.4
83,75,2.5,5,2.5,3.5,3.5,13,0.26,2,56.64,99.48
84,75,2.5,5,2.5,3.5,3.5,13,0.53,2,110.74,100.24
85,75,2.5,5,2.5,3.5,3.5,13,1.06,2,234.32,98.37
86,75,2.5,5,2.5,3.5,3.5,16,0.07,1,31.53,71.09
87,75,2.5,5,2.5,3.5,3.5,16,0.13,1,124.15,56.72
88,75,2.5,5,2.5,3.5,3.5,16,0.26,2,60.73,90.7
89,75,2.5,5,2.5,3.5,3.5,16,0.53,2,126.68,89.43
90,75,2.5,5,2.5,3.5,3.5,16,1.06,2,213.52,94.68
91,75,2.5,5,2.5,3.5,3.5,19,0.07,1,33.99,65.47
92,75,2.5,5,2.5,3.5,3.5,19,0.13,1,180.84,47.25
93,75,2.5,5,2.5,3.5,3.5,19,0.26,2,62.37,84.89
94,75,2.5,5,2.5,3.5,3.5,19,0.53,2,117.41,86.62
95,75,2.5,5,2.5,3.5,3.5,19,1.06,2,216.73,88.97
96,75,2.5,5,2.5,3.5,3.5,22,0.07,1,30.41,64.71
97,75,2.5,5,2.5,3.5,3.5,22,0.13,2,46.88,70.57
98,75,2.5,5,2.5,3.5,3.5,22,0.26,2,67.59,78.71
99,75,2.5,5,2.5,3.5,3.5,22,0.53,2,112.77,83.61
100,75,2.5,5,2.5,3.5,3.5,22,1.06,2,211.01,85.48
101,75,3,6,3,4,4,10,0.07,1,33.74,85.79
102,75,3,6,3,4,4,10,0.13,1,143.24,66.75
103,75,3,6,3,4,4,10,0.26,2,43.42,125.2
104,75,3,6,3,4,4,10,0.53,2,81.7,127.77
105,75,3,6,3,4,4,10,1.06,2,155.03,130.03
106,75,3,6,3,4,4,13,0.07,1,41.95,73.1
107,75,3,6,3,4,4,13,0.13,1,164.76,58.38
108,75,3,6,3,4,4,13,0.26,2,50.1,109.37
109,75,3,6,3,4,4,13,0.53,2,102.89,108.41
110,75,3,6,3,4,4,13,1.06,2,164.55,116.8
111,75,3,6,3,4,4,16,0.07,1,24.5,81.61
112,75,3,6,3,4,4,16,0.13,1,133.69,58.4
113,75,3,6,3,4,4,16,0.26,2,56.19,98.23
114,75,3,6,3,4,4,16,0.53,2,96.71,103.27
115,75,3,6,3,4,4,16,1.06,2,175.64,106.65
116,75,3,6,3,4,4,19,0.07,1,32.3,70.28
117,75,3,6,3,4,4,19,0.13,1,160.75,51.86
118,75,3,6,3,4,4,19,0.26,2,53.44,94.33
119,75,3,6,3,4,4,19,0.53,2,85.85,101.47
120,75,3,6,3,4,4,19,1.06,2,169.81,101.85
121,75,3,6,3,4,4,22,0.07,1,28.94,69.43
122,75,3,6,3,4,4,22,0.13,1,153.23,50.19
123,75,3,6,3,4,4,22,0.26,2,49.22,92.32
124,75,3,6,3,4,4,22,0.53,2,95.37,93.31
125,75,3,6,3,4,4,22,1.06,2,182.46,94.7
126,100,1,3,2,3.5,4,10,0.07,1,43.49,69.23
127,100,1,3,2,3.5,4,10,0.13,1,156.78,56.88
128,100,1,3,2,3.5,4,10,0.26,1,300.6,57.69
129,100,1,3,2,3.5,4,10,0.53,2,133.87,95.18
130,100,1,3,2,3.5,4,10,1.06,2,291.95,92.47
131,100,1,3,2,3.5,4,13,0.07,1,42.31,64.01
132,100,1,3,2,3.5,4,13,0.13,1,154.16,52.41
133,100,1,3,2,3.5,4,13,0.26,1,374.5,49.12
134,100,1,3,2,3.5,4,13,0.53,2,127.86,88.55
135,100,1,3,2,3.5,4,13,1.06,2,338.46,80.65
136,100,1,3,2,3.5,4,16,0.07,1,44.62,58.68
137,100,1,3,2,3.5,4,16,0.13,1,175.08,46.88
138,100,1,3,2,3.5,4,16,0.26,1,323.51,48.13
139,100,1,3,2,3.5,4,16,0.53,2,153.85,77.69
140,100,1,3,2,3.5,4,16,1.06,2,373.24,72.85
141,100,1,3,2,3.5,4,19,0.07,1,50.95,53.02
142,100,1,3,2,3.5,4,19,0.13,1,215.2,41.33
143,100,1,3,2,3.5,4,19,0.26,2,114.77,64.21
144,100,1,3,2,3.5,4,19,0.53,2,162.85,71.99
145,100,1,3,2,3.5,4,19,1.06,2,429.53,65.64
146,100,1,3,2,3.5,4,22,0.07,1,52.89,49.87
147,100,1,3,2,3.5,4,22,0.13,1,260.07,36.95
148,100,1,3,2,3.5,4,22,0.26,2,121.98,59.91
149,100,1,3,2,3.5,4,22,0.53,2,154.99,69.69
150,100,1,3,2,3.5,4,22,1.06,2,465.19,60.87
151,100,1.5,4,2.5,4,2,10,0.07,1,6.47,119.52
152,100,1.5,4,2.5,4,2,10,0.13,1,42.37,80.49
153,100,1.5,4,2.5,4,2,10,0.26,1,133.8,69.12
154,100,1.5,4,2.5,4,2,10,0.53,2,75.79,105.25
155,100,1.5,4,2.5,4,2,10,1.06,2,122.74,112.93
156,100,1.5,4,2.5,4,2,13,0.07,1,9.64,95.88
157,100,1.5,4,2.5,4,2,13,0.13,1,46.82,71.33
158,100,1.5,4,2.5,4,2,13,0.26,1,157.05,60.04
159,100,1.5,4,2.5,4,2,13,0.53,2,75.79,96.44
160,100,1.5,4,2.5,4,2,13,1.06,2,119.96,104.26
161,100,1.5,4,2.5,4,2,16,0.07,1,8.78,92.31
162,100,1.5,4,2.5,4,2,16,0.13,1,50.27,65.01
163,100,1.5,4,2.5,4,2,16,0.26,1,209.12,50.92
164,100,1.5,4,2.5,4,2,16,0.53,2,75.07,90.28
165,100,1.5,4,2.5,4,2,16,1.06,2,135.72,93.37
166,100,1.5,4,2.5,4,2,19,0.07,1,8.23,89.05
167,100,1.5,4,2.5,4,2,19,0.13,1,59.1,58.16
168,100,1.5,4,2.5,4,2,19,0.26,1,218.6,47.38
169,100,1.5,4,2.5,4,2,19,0.53,2,77.76,84.26
170,100,1.5,4,2.5,4,2,19,1.06,2,145.78,86.09
171,100,1.5,4,2.5,4,2,22,0.07,1,9.46,80.97
172,100,1.5,4,2.5,4,2,22,0.13,1,49.4,58.8
173,100,1.5,4,2.5,4,2,22,0.26,2,62.08,68.65
174,100,1.5,4,2.5,4,2,22,0.53,2,89.5,76.56
175,100,1.5,4,2.5,4,2,22,1.06,2,147.89,81.6
176,100,2,5,3,2,2.5,10,0.07,1,86.81,73.54
177,100,2,5,3,2,2.5,10,0.13,1,193.55,70.92
178,100,2,5,3,2,2.5,10,0.26,2,73.94,123.15
179,100,2,5,3,2,2.5,10,0.53,2,121.79,131.38
180,100,2,5,3,2,2.5,10,1.06,2,209.7,138.1
181,100,2,5,3,2,2.5,13,0.07,1,72.53,71.54
182,100,2,5,3,2,2.5,13,0.13,1,260.4,58.86
183,100,2,5,3,2,2.5,13,0.26,2,64.6,118.03
184,100,2,5,3,2,2.5,13,0.53,2,122.81,120.04
185,100,2,5,3,2,2.5,13,1.06,2,210.12,126.45
186,100,2,5,3,2,2.5,16,0.07,1,78.38,65.05
187,100,2,5,3,2,2.5,16,0.13,1,208.33,59.17
188,100,2,5,3,2,2.5,16,0.26,2,64.86,109.99
189,100,2,5,3,2,2.5,16,0.53,2,138.91,107.51
190,100,2,5,3,2,2.5,16,1.06,2,219.93,116.22
191,100,2,5,3,2,2.5,19,0.07,1,97.97,57.03
192,100,2,5,3,2,2.5,19,0.13,1,217.16,55.11
193,100,2,5,3,2,2.5,19,0.26,2,72.87,99.91
194,100,2,5,3,2,2.5,19,0.53,2,122.62,105.83
195,100,2,5,3,2,2.5,19,1.06,2,239.05,106.74
196,100,2,5,3,2,2.5,22,0.07,1,88.47,56.18
197,100,2,5,3,2,2.5,22,0.13,1,306.76,46.77
198,100,2,5,3,2,2.5,22,0.26,2,79.38,92.47
199,100,2,5,3,2,2.5,22,0.53,2,161.07,92.03
200,100,2,5,3,2,2.5,22,1.06,2,235.66,102.13
201,100,2.5,6,1,2.5,3,10,0.07,1,38.8,100.82
202,100,2.5,6,1,2.5,3,10,0.13,1,83.39,98.44
203,100,2.5,6,1,2.5,3,10,0.26,2,32.03,170.61
204,100,2.5,6,1,2.5,3,10,0.53,2,78.84,159.21
205,100,2.5,6,1,2.5,3,10,1.06,2,131.53,169.13
206,100,2.5,6,1,2.5,3,13,0.07,1,38.9,92.3
207,100,2.5,6,1,2.5,3,13,0.13,1,83.89,90.01
208,100,2.5,6,1,2.5,3,13,0.26,2,32.5,155.57
209,100,2.5,6,1,2.5,3,13,0.53,2,81.76,144.12
210,100,2.5,6,1,2.5,3,13,1.06,2,148.49,148.82
211,100,2.5,6,1,2.5,3,16,0.07,1,18.77,109.81
212,100,2.5,6,1,2.5,3,16,0.13,1,79.16,85.63
213,100,2.5,6,1,2.5,3,16,0.26,2,31.76,146.28
214,100,2.5,6,1,2.5,3,16,0.53,2,65.73,144.63
215,100,2.5,6,1,2.5,3,16,1.06,2,147.55,139.17
216,100,2.5,6,1,2.5,3,19,0.07,1,24.07,95.45
217,100,2.5,6,1,2.5,3,19,0.13,1,100,74.81
218,100,2.5,6,1,2.5,3,19,0.26,2,30.93,139.36
219,100,2.5,6,1,2.5,3,19,0.53,2,93.12,121.6
220,100,2.5,6,1,2.5,3,19,1.06,2,161.94,127.4
221,100,2.5,6,1,2.5,3,22,0.07,1,13.5,110.21
222,100,2.5,6,1,2.5,3,22,0.13,2,44.45,93.34
223,100,2.5,6,1,2.5,3,22,0.26,2,68.18,101.98
224,100,2.5,6,1,2.5,3,22,0.53,2,129.36,103.79
225,100,2.5,6,1,2.5,3,22,1.06,2,188.51,115.34
226,100,3,2,1.5,3,3.5,10,0.07,1,49.33,97.06
227,100,3,2,1.5,3,3.5,10,0.13,2,70.32,108.66
228,100,3,2,1.5,3,3.5,10,0.26,2,151.81,105.93
229,100,3,2,1.5,3,3.5,10,0.53,2,261.39,111.35
230,100,3,2,1.5,3,3.5,10,1.06,2,651.41,103.48
231,100,3,2,1.5,3,3.5,13,0.07,1,67.07,80.28
232,100,3,2,1.5,3,3.5,13,0.13,2,77.49,96.39
233,100,3,2,1.5,3,3.5,13,0.26,2,140.75,99.53
234,100,3,2,1.5,3,3.5,13,0.53,2,340.03,93.46
235,100,3,2,1.5,3,3.5,13,1.06,2,629.46,95.9
236,100,3,2,1.5,3,3.5,16,0.07,1,55.85,79.62
237,100,3,2,1.5,3,3.5,16,0.13,2,95.84,83.79
238,100,3,2,1.5,3,3.5,16,0.26,2,152.22,90.48
239,100,3,2,1.5,3,3.5,16,0.53,2,320.47,88.95
240,100,3,2,1.5,3,3.5,16,1.06,2,680.51,87.19
241,100,3,2,1.5,3,3.5,19,0.07,1,56.41,74.94
242,100,3,2,1.5,3,3.5,19,0.13,2,100,78.01
243,100,3,2,1.5,3,3.5,19,0.26,2,163.64,83.41
244,100,3,2,1.5,3,3.5,19,0.53,2,392.62,78.5
245,100,3,2,1.5,3,3.5,19,1.06,2,609.58,85.41
246,100,3,2,1.5,3,3.5,22,0.07,2,58.16,70.64
247,100,3,2,1.5,3,3.5,22,0.13,2,106.25,72.81
248,100,3,2,1.5,3,3.5,22,0.26,2,196.79,74.7
249,100,3,2,1.5,3,3.5,22,0.53,2,307.07,81.14
250,100,3,2,1.5,3,3.5,22,1.06,2,637.65,80.13
251,125,1,4,3,2.5,3.5,10,0.07,1,46.74,84.49
252,125,1,4,3,2.5,3.5,10,0.13,1,147.08,72.64
253,125,1,4,3,2.5,3.5,10,0.26,1,311.04,71.31
254,125,1,4,3,2.5,3.5,10,0.53,2,207.21,102.87
255,125,1,4,3,2.5,3.5,10,1.06,2,382.94,105.61
256,125,1,4,3,2.5,3.5,13,0.07,1,58.27,71.93
257,125,1,4,3,2.5,3.5,13,0.13,1,131.97,69.01
258,125,1,4,3,2.5,3.5,13,0.26,1,362.78,62.07
259,125,1,4,3,2.5,3.5,13,0.53,2,155.83,103.64
260,125,1,4,3,2.5,3.5,13,1.06,2,415.55,94.17
261,125,1,4,3,2.5,3.5,16,0.07,1,46.98,72.12
262,125,1,4,3,2.5,3.5,16,0.13,1,170.91,59.08
263,125,1,4,3,2.5,3.5,16,0.26,1,355.47,58.31
264,125,1,4,3,2.5,3.5,16,0.53,2,182.76,91.71
265,125,1,4,3,2.5,3.5,16,1.06,2,352.46,92.83
266,125,1,4,3,2.5,3.5,19,0.07,1,68.08,60.18
267,125,1,4,3,2.5,3.5,19,0.13,1,163.53,56.62
268,125,1,4,3,2.5,3.5,19,0.26,1,306.76,57.84
269,125,1,4,3,2.5,3.5,19,0.53,2,192.95,85.05
270,125,1,4,3,2.5,3.5,19,1.06,2,414.49,83.05
271,125,1,4,3,2.5,3.5,22,0.07,1,78.75,54.59
272,125,1,4,3,2.5,3.5,22,0.13,1,183.22,51.91
273,125,1,4,3,2.5,3.5,22,0.26,1,418.62,49.66
274,125,1,4,3,2.5,3.5,22,0.53,2,183.75,82.32
275,125,1,4,3,2.5,3.5,22,1.06,2,409.12,79.43
276,125,1.5,5,1,3,4,10,0.07,1,44.91,95.78
277,125,1.5,5,1,3,4,10,0.13,2,30.91,136.67
278,125,1.5,5,1,3,4,10,0.26,2,65.61,133.98
279,125,1.5,5,1,3,4,10,0.53,2,105.44,144.12
280,125,1.5,5,1,3,4,10,1.06,2,235.37,138.94
281,125,1.5,5,1,3,4,13,0.07,1,46.58,86.69
282,125,1.5,5,1,3,4,13,0.13,2,53.69,104.17
283,125,1.5,5,1,3,4,13,0.26,2,72.39,118.81
284,125,1.5,5,1,3,4,13,0.53,2,146.7,118.28
285,125,1.5,5,1,3,4,13,1.06,2,238.26,126.78
286,125,1.5,5,1,3,4,16,0.07,1,55.52,76.3
287,125,1.5,5,1,3,4,16,0.13,2,54.1,96.96
288,125,1.5,5,1,3,4,16,0.26,2,74.14,109.98
289,125,1.5,5,1,3,4,16,0.53,2,150.23,109.5
290,125,1.5,5,1,3,4,16,1.06,2,222.58,121.02
291,125,1.5,5,1,3,4,19,0.07,1,58.39,70.85
292,125,1.5,5,1,3,4,19,0.13,2,55.59,90.74
293,125,1.5,5,1,3,4,19,0.26,2,57.54,113.02
294,125,1.5,5,1,3,4,19,0.53,2,147.95,103.94
295,125,1.5,5,1,3,4,19,1.06,2,221.25,114.51
296,125,1.5,5,1,3,4,22,0.07,1,62.54,65.94
297,125,1.5,5,1,3,4,22,0.13,2,43.57,93.72
298,125,1.5,5,1,3,4,22,0.26,2,65.24,103.21
299,125,1.5,5,1,3,4,22,0.53,2,128.95,103.62
300,125,1.5,5,1,3,4,22,1.06,2,204.36,111.98
301,125,2,6,1.5,3.5,2,10,0.07,1,30.38,95.31
302,125,2,6,1.5,3.5,2,10,0.13,1,75.47,88.66
303,125,2,6,1.5,3.5,2,10,0.26,2,14.46,193.78
304,125,2,6,1.5,3.5,2,10,0.53,2,28.02,195.81
305,125,2,6,1.5,3.5,2,10,1.06,2,106.04,158.32
306,125,2,6,1.5,3.5,2,13,0.07,1,25.71,92.33
307,125,2,6,1.5,3.5,2,13,0.13,1,85.14,78.04
308,125,2,6,1.5,3.5,2,13,0.26,2,16.8,168.87
309,125,2,6,1.5,3.5,2,13,0.53,2,32.78,170.28
310,125,2,6,1.5,3.5,2,13,1.06,2,113.61,141.77
311,125,2,6,1.5,3.5,2,16,0.07,1,16.02,100.85
312,125,2,6,1.5,3.5,2,16,0.13,1,75.02,75.96
313,125,2,6,1.5,3.5,2,16,0.26,2,26.22,135.85
314,125,2,6,1.5,3.5,2,16,0.53,2,38.14,151.08
315,125,2,6,1.5,3.5,2,16,1.06,2,99.33,138.35
316,125,2,6,1.5,3.5,2,19,0.07,1,15.8,95.69
317,125,2,6,1.5,3.5,2,19,0.13,1,27.13,100.68
318,125,2,6,1.5,3.5,2,19,0.26,2,25.27,129.88
319,125,2,6,1.5,3.5,2,19,0.53,2,32.97,149.77
320,125,2,6,1.5,3.5,2,19,1.06,2,121.4,122.19
321,125,2,6,1.5,3.5,2,22,0.07,1,42.35,65.6
322,125,2,6,1.5,3.5,2,22,0.13,2,22.24,102.45
323,125,2,6,1.5,3.5,2,22,0.26,2,24.64,124.74
324,125,2,6,1.5,3.5,2,22,0.53,2,37.26,136.92
325,125,2,6,1.5,3.5,2,22,1.06,2,130.78,113.51
326,125,2.5,2,2,4,2.5,10,0.07,1,16.66,126.5
327,125,2.5,2,2,4,2.5,10,0.13,1,44.3,115.03
328,125,2.5,2,2,4,2.5,10,0.26,2,83.95,117.11
329,125,2.5,2,2,4,2.5,10,0.53,2,144.44,123.14
330,125,2.5,2,2,4,2.5,10,1.06,2,233.71,132.15
331,125,2.5,2,2,4,2.5,13,0.07,1,7.82,149.11
332,125,2.5,2,2,4,2.5,13,0.13,1,53.45,99
333,125,2.5,2,2,4,2.5,13,0.26,1,97.39,102.12
334,125,2.5,2,2,4,2.5,13,0.53,2,128.86,117.2
335,125,2.5,2,2,4,2.5,13,1.06,2,220.58,123.44
336,125,2.5,2,2,4,2.5,16,0.07,1,7.44,141.48
337,125,2.5,2,2,4,2.5,16,0.13,1,49.39,94.85
338,125,2.5,2,2,4,2.5,16,0.26,2,72.49,105.15
339,125,2.5,2,2,4,2.5,16,0.53,2,153.54,103.16
340,125,2.5,2,2,4,2.5,16,1.06,2,249.31,110.58
341,125,2.5,2,2,4,2.5,19,0.07,1,14.41,107.17
342,125,2.5,2,2,4,2.5,19,0.13,1,67.97,80.52
343,125,2.5,2,2,4,2.5,19,0.26,2,86.96,93.45
344,125,2.5,2,2,4,2.5,19,0.53,2,113.79,107.65
345,125,2.5,2,2,4,2.5,19,1.06,2,244.26,105.14
346,125,2.5,2,2,4,2.5,22,0.07,1,14.4,102.09
347,125,2.5,2,2,4,2.5,22,0.13,1,59.66,80.09
348,125,2.5,2,2,4,2.5,22,0.26,2,78.27,92.17
349,125,2.5,2,2,4,2.5,22,0.53,2,125,99.35
350,125,2.5,2,2,4,2.5,22,1.06,2,232.33,101.81
351,125,3,3,2.5,2,3,10,0.07,1,60.38,115.57
352,125,3,3,2.5,2,3,10,0.13,2,61.03,145.09
353,125,3,3,2.5,2,3,10,0.26,2,94.92,157.78
354,125,3,3,2.5,2,3,10,0.53,2,204.03,154.03
355,125,3,3,2.5,2,3,10,1.06,2,421.89,152.33
356,125,3,3,2.5,2,3,13,0.07,1,65.32,103.15
357,125,3,3,2.5,2,3,13,0.13,2,62.16,132.13
358,125,3,3,2.5,2,3,13,0.26,2,132.89,129.23
359,125,3,3,2.5,2,3,13,0.53,2,194.76,143.34
360,125,3,3,2.5,2,3,13,1.06,2,438.89,137.75
361,125,3,3,2.5,2,3,16,0.07,1,76.2,91.44
362,125,3,3,2.5,2,3,16,0.13,2,79.14,113.76
363,125,3,3,2.5,2,3,16,0.26,2,122.65,123.85
364,125,3,3,2.5,2,3,16,0.53,2,190.6,134.72
365,125,3,3,2.5,2,3,16,1.06,2,426.01,129.82
366,125,3,3,2.5,2,3,19,0.07,1,58.07,94.53
367,125,3,3,2.5,2,3,19,0.13,2,48.65,126.34
368,125,3,3,2.5,2,3,19,0.26,2,110.36,121.15
369,125,3,3,2.5,2,3,19,0.53,2,207.83,123.6
370,125,3,3,2.5,2,3,19,1.06,2,400.53,125.14
371,125,3,3,2.5,2,3,22,0.07,1,72.86,83.47
372,125,3,3,2.5,2,3,22,0.13,2,73.4,104.9
373,125,3,3,2.5,2,3,22,0.26,2,117.69,112.92
374,125,3,3,2.5,2,3,22,0.53,2,172.26,125.31
375,125,3,3,2.5,2,3,22,1.06,2,417.21,117.56
376,150,1,5,1.5,4,3,10,0.07,1,27.44,93.42
377,150,1,5,1.5,4,3,10,0.13,1,65.08,88.25
378,150,1,5,1.5,4,3,10,0.26,1,198.39,76.69
379,150,1,5,1.5,4,3,10,0.53,2,47.72,155.36
380,150,1,5,1.5,4,3,10,1.06,2,119.3,144.23
381,150,1,5,1.5,4,3,13,0.07,1,33.88,79.78
382,150,1,5,1.5,4,3,13,0.13,1,72.48,78.01
383,150,1,5,1.5,4,3,13,0.26,2,14.37,168.56
384,150,1,5,1.5,4,3,13,0.53,2,69.29,125.71
385,150,1,5,1.5,4,3,13,1.06,2,122.05,131.15
386,150,1,5,1.5,4,3,16,0.07,1,42.47,69.05
387,150,1,5,1.5,4,3,16,0.13,1,46.27,84.54
388,150,1,5,1.5,4,3,16,0.26,2,38.31,113.44
389,150,1,5,1.5,4,3,16,0.53,2,67.03,118.61
390,150,1,5,1.5,4,3,16,1.06,2,117.17,124.05
391,150,1,5,1.5,4,3,19,0.07,1,43.94,64.47
392,150,1,5,1.5,4,3,19,0.13,1,105.99,60.57
393,150,1,5,1.5,4,3,19,0.26,2,35.91,109.46
394,150,1,5,1.5,4,3,19,0.53,2,74.6,108.08
395,150,1,5,1.5,4,3,19,1.06,2,139.85,110.44
396,150,1,5,1.5,4,3,22,0.07,1,60.22,55.27
397,150,1,5,1.5,4,3,22,0.13,1,66.44,67.39
398,150,1,5,1.5,4,3,22,0.26,2,37.81,102.46
399,150,1,5,1.5,4,3,22,0.53,2,64.1,108.27
400,150,1,5,1.5,4,3,22,1.06,2,136.15,106.12
401,150,1.5,6,2,2,3.5,10,0.07,1,114.11,87.38
402,150,1.5,6,2,2,3.5,10,0.13,2,11.56,236.12
403,150,1.5,6,2,2,3.5,10,0.26,2,34.3,207.05
404,150,1.5,6,2,2,3.5,10,0.53,2,77.97,198.41
405,150,1.5,6,2,2,3.5,10,1.06,2,175.4,190.78
406,150,1.5,6,2,2,3.5,13,0.07,1,127.18,77.22
407,150,1.5,6,2,2,3.5,13,0.13,2,18.97,183.44
408,150,1.5,6,2,2,3.5,13,0.26,2,35.55,187.48
409,150,1.5,6,2,2,3.5,13,0.53,2,74.5,184.57
410,150,1.5,6,2,2,3.5,13,1.06,2,188.46,170.67
411,150,1.5,6,2,2,3.5,16,0.07,1,97.08,78.84
412,150,1.5,6,2,2,3.5,16,0.13,2,23.94,158.41
413,150,1.5,6,2,2,3.5,16,0.26,2,39.45,168.97
414,150,1.5,6,2,2,3.5,16,0.53,2,81.43,167.19
415,150,1.5,6,2,2,3.5,16,1.06,2,175.37,163.12
416,150,1.5,6,2,2,3.5,19,0.07,1,90.1,76.33
417,150,1.5,6,2,2,3.5,19,0.13,2,15.67,172.29
418,150,1.5,6,2,2,3.5,19,0.26,2,40.84,157.72
419,150,1.5,6,2,2,3.5,19,0.53,2,77.83,160.29
420,150,1.5,6,2,2,3.5,19,1.06,2,155.14,160.47
421,150,1.5,6,2,2,3.5,22,0.07,1,139.62,62.81
422,150,1.5,6,2,2,3.5,22,0.13,2,27.85,135.44
423,150,1.5,6,2,2,3.5,22,0.26,2,49.22,141.14
424,150,1.5,6,2,2,3.5,22,0.53,2,79.35,151.66
425,150,1.5,6,2,2,3.5,22,1.06,2,180.42,145.31
426,150,2,2,2.5,2.5,4,10,0.07,1,75.73,106.28
427,150,2,2,2.5,2.5,4,10,0.13,2,88.83,126.96
428,150,2,2,2.5,2.5,4,10,0.26,2,179.93,126.43
429,150,2,2,2.5,2.5,4,10,0.53,2,390.57,123.02
430,150,2,2,2.5,2.5,4,10,1.06,2,727.2,125.99
431,150,2,2,2.5,2.5,4,13,0.07,1,48.78,112.75
432,150,2,2,2.5,2.5,4,13,0.13,2,91.64,115.13
433,150,2,2,2.5,2.5,4,13,0.26,2,185.91,114.58
434,150,2,2,2.5,2.5,4,13,0.53,2,359.49,115.88
435,150,2,2,2.5,2.5,4,13,1.06,2,734.1,115.08
436,150,2,2,2.5,2.5,4,16,0.07,1,68.46,93.97
437,150,2,2,2.5,2.5,4,16,0.13,2,99.2,104.63
438,150,2,2,2.5,2.5,4,16,0.26,2,205.49,103.41
439,150,2,2,2.5,2.5,4,16,0.53,2,491.97,97.39
440,150,2,2,2.5,2.5,4,16,1.06,2,708.33,108.67
441,150,2,2,2.5,2.5,4,19,0.07,1,51.75,97.42
442,150,2,2,2.5,2.5,4,19,0.13,2,95.49,100.07
443,150,2,2,2.5,2.5,4,19,0.26,2,170.47,103.93
444,150,2,2,2.5,2.5,4,19,0.53,2,385.28,99.78
445,150,2,2,2.5,2.5,4,19,1.06,2,706.59,102.7
446,150,2,2,2.5,2.5,4,22,0.07,2,63.43,86.69
447,150,2,2,2.5,2.5,4,22,0.13,2,90.6,96.98
448,150,2,2,2.5,2.5,4,22,0.26,2,193.55,94.87
449,150,2,2,2.5,2.5,4,22,0.53,2,437.46,91.08
450,150,2,2,2.5,2.5,4,22,1.06,2,794.38,94.06
451,150,2.5,3,3,3,2,10,0.07,1,22.42,135.06
452,150,2.5,3,3,3,2,10,0.13,1,35.26,146.33
453,150,2.5,3,3,3,2,10,0.26,2,36.1,182.91
454,150,2.5,3,3,3,2,10,0.53,2,85.41,172.96
455,150,2.5,3,3,3,2,10,1.06,2,146.98,181.84
456,150,2.5,3,3,3,2,13,0.07,1,19.14,130.45
457,150,2.5,3,3,3,2,13,0.13,1,56.93,114.28
458,150,2.5,3,3,3,2,13,0.26,2,43.89,157.03
459,150,2.5,3,3,3,2,13,0.53,2,86.93,157.54
460,150,2.5,3,3,3,2,13,1.06,2,143.72,167.86
461,150,2.5,3,3,3,2,16,0.07,1,26.85,108.74
462,150,2.5,3,3,3,2,16,0.13,1,59.5,105.08
463,150,2.5,3,3,3,2,16,0.26,2,50.37,139.96
464,150,2.5,3,3,3,2,16,0.53,2,73.88,155.2
465,150,2.5,3,3,3,2,16,1.06,2,165.66,149.39
466,150,2.5,3,3,3,2,19,0.07,1,33.04,95.82
467,150,2.5,3,3,3,2,19,0.13,1,70.38,93.83
468,150,2.5,3,3,3,2,19,0.26,2,55.37,128.06
469,150,2.5,3,3,3,2,19,0.53,2,83.84,140.51
470,150,2.5,3,3,3,2,19,1.06,2,169.23,140.08
471,150,2.5,3,3,3,2,22,0.07,1,28.01,96.42
472,150,2.5,3,3,3,2,22,0.13,1,59.65,94.42
473,150,2.5,3,3,3,2,22,0.26,2,47.17,128.64
474,150,2.5,3,3,3,2,22,0.53,2,77.44,137.39
475,150,2.5,3,3,3,2,22,1.06,2,158.74,136.27
476,150,3,4,1,3.5,2.5,10,0.07,1,14.9,164.72
477,150,3,4,1,3.5,2.5,10,0.13,1,32.08,160.71
478,150,3,4,1,3.5,2.5,10,0.26,2,27.82,212.34
479,150,3,4,1,3.5,2.5,10,0.53,2,42.96,231.45
480,150,3,4,1,3.5,2.5,10,1.06,2,89.26,228.52
481,150,3,4,1,3.5,2.5,13,0.07,1,16.94,144.6
482,150,3,4,1,3.5,2.5,13,0.13,1,30.08,150.45
483,150,3,4,1,3.5,2.5,13,0.26,2,24.98,201.65
484,150,3,4,1,3.5,2.5,13,0.53,2,57.91,191.97
485,150,3,4,1,3.5,2.5,13,1.06,2,105.97,197.75
486,150,3,4,1,3.5,2.5,16,0.07,1,4.16,215.54
487,150,3,4,1,3.5,2.5,16,0.13,1,32.75,136.46
488,150,3,4,1,3.5,2.5,16,0.26,2,35.33,167.64
489,150,3,4,1,3.5,2.5,16,0.53,2,51.85,185.86
490,150,3,4,1,3.5,2.5,16,1.06,2,94.34,191.81
491,150,3,4,1,3.5,2.5,19,0.07,1,5.86,181.52
492,150,3,4,1,3.5,2.5,19,0.13,2,21.07,149.27
493,150,3,4,1,3.5,2.5,19,0.26,2,37.92,154.62
494,150,3,4,1,3.5,2.5,19,0.53,2,55.82,171.25
495,150,3,4,1,3.5,2.5,19,1.06,2,86.52,186.43
496,150,3,4,1,3.5,2.5,22,0.07,1,15.05,126.22
497,150,3,4,1,3.5,2.5,22,0.13,2,20.98,142.36
498,150,3,4,1,3.5,2.5,22,0.26,2,29.51,160.07
499,150,3,4,1,3.5,2.5,22,0.53,2,50.47,168.65
500,150,3,4,1,3.5,2.5,22,1.06,2,96.17,171.39
501,175,1,6,2.5,3,2.5,10,0.07,1,16.19,129.59
502,175,1,6,2.5,3,2.5,10,0.13,1,90.54,91.99
503,175,1,6,2.5,3,2.5,10,0.26,1,219.73,86.25
504,175,1,6,2.5,3,2.5,10,0.53,2,42.49,187.91
505,175,1,6,2.5,3,2.5,10,1.06,2,70.85,199.65
506,175,1,6,2.5,3,2.5,13,0.07,1,32.43,94.2
507,175,1,6,2.5,3,2.5,13,0.13,1,120.56,76.61
508,175,1,6,2.5,3,2.5,13,0.26,1,165.1,86.92
509,175,1,6,2.5,3,2.5,13,0.53,2,48.6,164.63
510,175,1,6,2.5,3,2.5,13,1.06,2,82.94,173.57
511,175,1,6,2.5,3,2.5,16,0.07,1,30.1,90.11
512,175,1,6,2.5,3,2.5,16,0.13,1,143.62,67.44
513,175,1,6,2.5,3,2.5,16,0.26,1,205.15,75.45
514,175,1,6,2.5,3,2.5,16,0.53,2,41.27,162.23
515,175,1,6,2.5,3,2.5,16,1.06,2,84.23,161.13
516,175,1,6,2.5,3,2.5,19,0.07,1,53.38,70.3
517,175,1,6,2.5,3,2.5,19,0.13,1,83.61,76.27
518,175,1,6,2.5,3,2.5,19,0.26,1,152.12,78.71
519,175,1,6,2.5,3,2.5,19,0.53,2,38.8,156.39
520,175,1,6,2.5,3,2.5,19,1.06,2,101.89,142.81
521,175,1,6,2.5,3,2.5,22,0.07,1,50.17,68.35
522,175,1,6,2.5,3,2.5,22,0.13,1,94.92,69.62
523,175,1,6,2.5,3,2.5,22,0.26,2,27.29,132.92
524,175,1,6,2.5,3,2.5,22,0.53,2,44.97,141.78
525,175,1,6,2.5,3,2.5,22,1.06,2,96.71,138.39
526,175,1.5,2,3,3.5,3,10,0.07,1,16.96,145.46
527,175,1.5,2,3,3.5,3,10,0.13,1,62.88,118.41
528,175,1.5,2,3,3.5,3,10,0.26,1,85.7,134.56
529,175,1.5,2,3,3.5,3,10,0.53,2,146.78,141.69
530,175,1.5,2,3,3.5,3,10,1.06,2,365.91,131.66
531,175,1.5,2,3,3.5,3,13,0.07,1,26.07,115.48
532,175,1.5,2,3,3.5,3,13,0.13,1,46.13,120.29
533,175,1.5,2,3,3.5,3,13,0.26,1,173.27,97.5
534,175,1.5,2,3,3.5,3,13,0.53,2,136.15,133.12
535,175,1.5,2,3,3.5,3,13,1.06,2,383.4,118.77
536,175,1.5,2,3,3.5,3,16,0.07,1,21.68,114.59
537,175,1.5,2,3,3.5,3,16,0.13,1,73.85,95.96
538,175,1.5,2,3,3.5,3,16,0.26,1,131.81,99.67
539,175,1.5,2,3,3.5,3,16,0.53,2,154.72,119.04
540,175,1.5,2,3,3.5,3,16,1.06,2,303.63,119.79
541,175,1.5,2,3,3.5,3,19,0.07,1,23.19,105.81
542,175,1.5,2,3,3.5,3,19,0.13,1,72.35,91.24
543,175,1.5,2,3,3.5,3,19,0.26,2,112.31,99.28
544,175,1.5,2,3,3.5,3,19,0.53,2,158.79,111.44
545,175,1.5,2,3,3.5,3,19,1.06,2,356.57,107.22
546,175,1.5,2,3,3.5,3,22,0.07,1,36.64,86.52
547,175,1.5,2,3,3.5,3,22,0.13,1,58.94,93.03
548,175,1.5,2,3,3.5,3,22,0.26,2,77.18,107.13
549,175,1.5,2,3,3.5,3,22,0.53,2,180.92,101.61
550,175,1.5,2,3,3.5,3,22,1.06,2,381.05,99.87
551,175,2,3,1,4,3.5,10,0.07,1,22.51,145.31
552,175,2,3,1,4,3.5,10,0.13,1,31.02,164.53
553,175,2,3,1,4,3.5,10,0.26,2,31.36,206.54
554,175,2,3,1,4,3.5,10,0.53,2,84.47,187.02
555,175,2,3,1,4,3.5,10,1.06,2,171.7,186.02
556,175,2,3,1,4,3.5,13,0.07,1,19.42,139.86
557,175,2,3,1,4,3.5,13,0.13,1,48.16,130.19
558,175,2,3,1,4,3.5,13,0.26,2,35.67,181.29
559,175,2,3,1,4,3.5,13,0.53,2,93.5,165.66
560,175,2,3,1,4,3.5,13,1.06,2,158.71,174.97
561,175,2,3,1,4,3.5,16,0.07,1,14.81,142.86
562,175,2,3,1,4,3.5,16,0.13,1,37.63,131.89
563,175,2,3,1,4,3.5,16,0.26,2,33.27,173.15
564,175,2,3,1,4,3.5,16,0.53,2,76.24,165.46
565,175,2,3,1,4,3.5,16,1.06,2,174.03,158.33
566,175,2,3,1,4,3.5,19,0.07,1,8.48,162.45
567,175,2,3,1,4,3.5,19,0.13,1,34.39,128.35
568,175,2,3,1,4,3.5,19,0.26,2,52.63,140.32
569,175,2,3,1,4,3.5,19,0.53,2,77.45,155.43
570,175,2,3,1,4,3.5,19,1.06,2,140.73,160.48
571,175,2,3,1,4,3.5,22,0.07,1,15.88,125.51
572,175,2,3,1,4,3.5,22,0.13,2,28.31,130.41
573,175,2,3,1,4,3.5,22,0.26,2,38.78,147.95
574,175,2,3,1,4,3.5,22,0.53,2,103.49,134.38
575,175,2,3,1,4,3.5,22,1.06,2,167.12,144.32
576,175,2.5,4,1.5,2,4,10,0.07,1,40.99,167.69
577,175,2.5,4,1.5,2,4,10,0.13,2,30.84,232.3
578,175,2.5,4,1.5,2,4,10,0.26,2,58.63,236.27
579,175,2.5,4,1.5,2,4,10,0.53,2,113.86,238.59
580,175,2.5,4,1.5,2,4,10,1.06,2,248.32,231.81
581,175,2.5,4,1.5,2,4,13,0.07,1,42.31,152.04
582,175,2.5,4,1.5,2,4,13,0.13,2,31.59,211.15
583,175,2.5,4,1.5,2,4,13,0.26,2,65.01,209.15
584,175,2.5,4,1.5,2,4,13,0.53,2,109.46,221.51
585,175,2.5,4,1.5,2,4,13,1.06,2,241.77,214.3
586,175,2.5,4,1.5,2,4,16,0.07,1,44.9,139.09
587,175,2.5,4,1.5,2,4,16,0.13,2,36.96,186.99
588,175,2.5,4,1.5,2,4,16,0.26,2,49.56,213.65
589,175,2.5,4,1.5,2,4,16,0.53,2,101.41,212.02
590,175,2.5,4,1.5,2,4,16,1.06,2,247.82,198.32
591,175,2.5,4,1.5,2,4,19,0.07,1,37.91,138.96
592,175,2.5,4,1.5,2,4,19,0.13,2,41.69,169.62
593,175,2.5,4,1.5,2,4,19,0.26,2,70.27,179.58
594,175,2.5,4,1.5,2,4,19,0.53,2,126.09,186.2
595,175,2.5,4,1.5,2,4,19,1.06,2,238.06,189.81
596,175,2.5,4,1.5,2,4,22,0.07,1,57.84,114.96
597,175,2.5,4,1.5,2,4,22,0.13,2,39.97,163.82
598,175,2.5,4,1.5,2,4,22,0.26,2,69.17,171.92
599,175,2.5,4,1.5,2,4,22,0.53,2,152.14,166.56
600,175,2.5,4,1.5,2,4,22,1.06,2,247.31,178.47
601,175,3,5,2,2.5,2,10,0.07,1,13.4,200.65
602,175,3,5,2,2.5,2,10,0.13,1,38.16,178.35
603,175,3,5,2,2.5,2,10,0.26,2,19.65,280.38
604,175,3,5,2,2.5,2,10,0.53,2,43.47,271.09
605,175,3,5,2,2.5,2,10,1.06,2,68.33,293.76
606,175,3,5,2,2.5,2,13,0.07,1,9.38,207.04
607,175,3,5,2,2.5,2,13,0.13,1,28.5,180.12
608,175,3,5,2,2.5,2,13,0.26,2,20.12,254.87
609,175,3,5,2,2.5,2,13,0.53,2,37.75,260.36
610,175,3,5,2,2.5,2,13,1.06,2,75.94,259.85
611,175,3,5,2,2.5,2,16,0.07,1,9.99,189.22
612,175,3,5,2,2.5,2,16,0.13,1,36.86,154.27
613,175,3,5,2,2.5,2,16,0.26,2,19.9,238.7
614,175,3,5,2,2.5,2,16,0.53,2,46.88,226.03
615,175,3,5,2,2.5,2,16,1.06,2,68.81,250.57
616,175,3,5,2,2.5,2,19,0.07,1,23.53,134.29
617,175,3,5,2,2.5,2,19,0.13,1,43.22,138.15
618,175,3,5,2,2.5,2,19,0.26,2,31.19,194.05
619,175,3,5,2,2.5,2,19,0.53,2,46.61,213.85
620,175,3,5,2,2.5,2,19,1.06,2,77.19,227.73
621,175,3,5,2,2.5,2,22,0.07,1,6.61,195.29
622,175,3,5,2,2.5,2,22,0.13,1,39.73,135.31
623,175,3,5,2,2.5,2,22,0.26,2,29.85,187.52
624,175,3,5,2,2.5,2,22,0.53,2,41.38,211.89
625,175,3,5,2,2.5,2,22,1.06,2,79.72,214.55
626,75,1,2,1,2,2,10,0.03,1,11.21,71.76
627,75,1,2,1,2,2,13,0.03,1,10.69,66.81
628,75,1,2,1,2,2,16,0.03,1,11.34,61.12
629,75,1,2,1,2,2,19,0.03,1,10.87,58.54
630,75,1,2,1,2,2,22,0.03,1,13.43,51.95
631,75,1.5,3,1.5,2.5,2.5,10,0.03,1,6.68,95.56
632,75,1.5,3,1.5,2.5,2.5,13,0.03,1,7.69,83.54
633,75,1.5,3,1.5,2.5,2.5,16,0.03,1,11.52,68.13
634,75,1.5,3,1.5,2.5,2.5,19,0.03,1,8.77,70.45
635,75,1.5,3,1.5,2.5,2.5,22,0.03,1,8.55,67.66
636,75,2,4,2,3,3,10,0.03,1,3.93,123.8
637,75,2,4,2,3,3,13,0.03,1,5.34,102.41
638,75,2,4,2,3,3,16,0.03,1,6.6,89.04
639,75,2,4,2,3,3,19,0.03,1,9.32,74.97
640,75,2,4,2,3,3,22,0.03,1,9.17,71.76
641,75,2.5,5,2.5,3.5,3.5,10,0.03,1,7.04,108.77
642,75,2.5,5,2.5,3.5,3.5,13,0.03,1,6.82,100.75
643,75,2.5,5,2.5,3.5,3.5,16,0.03,1,4.58,107.33
644,75,2.5,5,2.5,3.5,3.5,19,0.03,1,3.58,109.99
645,75,2.5,5,2.5,3.5,3.5,22,0.03,1,3.74,103.28
646,75,3,6,3,4,4,10,0.03,1,8.19,109.18
647,75,3,6,3,4,4,13,0.03,1,6.98,105.48
648,75,3,6,3,4,4,16,0.03,1,5.09,109.35
649,75,3,6,3,4,4,19,0.03,1,6.58,94.78
650,75,3,6,3,4,4,22,0.03,1,9.8,79.05
651,100,1,3,2,3.5,4,10,0.03,1,10.54,88.13
652,100,1,3,2,3.5,4,13,0.03,1,9.14,84.67
653,100,1,3,2,3.5,4,16,0.03,1,12.41,71.36
654,100,1,3,2,3.5,4,19,0.03,1,18.76,58.71
655,100,1,3,2,3.5,4,22,0.03,1,22.83,52.37
656,100,1.5,4,2.5,4,2,10,0.03,1,0.83,188.45
657,100,1.5,4,2.5,4,2,13,0.03,1,0.72,180.45
658,100,1.5,4,2.5,4,2,16,0.03,1,1.09,146.66
659,100,1.5,4,2.5,4,2,19,0.03,1,1.08,139.03
660,100,1.5,4,2.5,4,2,22,0.03,1,1.11,131.13
661,100,2,5,3,2,2.5,10,0.03,1,28.55,84.56
662,100,2,5,3,2,2.5,13,0.03,1,20.88,86
663,100,2,5,3,2,2.5,16,0.03,1,28.88,72.02
664,100,2,5,3,2,2.5,19,0.03,1,30.63,66.69
665,100,2,5,3,2,2.5,22,0.03,1,37.89,59.16
666,100,2.5,6,1,2.5,3,10,0.03,1,3.93,171.68
667,100,2.5,6,1,2.5,3,13,0.03,1,2.72,177.87
668,100,2.5,6,1,2.5,3,16,0.03,1,3.59,151.29
669,100,2.5,6,1,2.5,3,19,0.03,1,6.13,119.54
670,100,2.5,6,1,2.5,3,22,0.03,1,2.89,146.23
671,100,3,2,1.5,3,3.5,10,0.03,1,8.66,137.58
672,100,3,2,1.5,3,3.5,13,0.03,1,3.39,172.25
673,100,3,2,1.5,3,3.5,16,0.03,1,5.95,133.28
674,100,3,2,1.5,3,3.5,19,0.03,1,14.3,93.99
675,100,3,2,1.5,3,3.5,22,0.03,1,13.38,91.51
676,125,1,4,3,2.5,3.5,10,0.03,1,11.81,106.09
677,125,1,4,3,2.5,3.5,13,0.03,1,6.31,119.75
678,125,1,4,3,2.5,3.5,16,0.03,1,17.87,78.99
679,125,1,4,3,2.5,3.5,19,0.03,1,12.56,83.91
680,125,1,4,3,2.5,3.5,22,0.03,1,25.34,63.24
681,125,1.5,5,1,3,4,10,0.03,1,15.82,107.64
682,125,1.5,5,1,3,4,13,0.03,1,21.36,89.23
683,125,1.5,5,1,3,4,16,0.03,1,19.06,86.48
684,125,1.5,5,1,3,4,19,0.03,1,17.36,84.25
685,125,1.5,5,1,3,4,22,0.03,1,12.37,89.84
686,125,2,6,1.5,3.5,2,10,0.03,1,6.22,128.34
687,125,2,6,1.5,3.5,2,13,0.03,1,4.14,134.68
688,125,2,6,1.5,3.5,2,16,0.03,1,3,139.9
689,125,2,6,1.5,3.5,2,19,0.03,1,2.95,132.89
690,125,2,6,1.5,3.5,2,22,0.03,1,4.08,113.56
691,125,2.5,2,2,4,2.5,10,0.03,1,0.79,277.7
692,125,2.5,2,2,4,2.5,13,0.03,1,1.31,214.49
693,125,2.5,2,2,4,2.5,16,0.03,1,1.07,214.31
694,125,2.5,2,2,4,2.5,19,0.03,1,1,206.97
695,125,2.5,2,2,4,2.5,22,0.03,1,1.02,195.65
696,125,3,3,2.5,2,3,10,0.03,1,7.68,182.39
697,125,3,3,2.5,2,3,13,0.03,1,11.22,147.3
698,125,3,3,2.5,2,3,16,0.03,1,8.19,152.63
699,125,3,3,2.5,2,3,19,0.03,1,11.79,127.66
700,125,3,3,2.5,2,3,22,0.03,1,24.47,95.3
701,150,1,5,1.5,4,3,10,0.03,1,2.13,173.9
702,150,1,5,1.5,4,3,13,0.03,1,1.22,192.01
703,150,1,5,1.5,4,3,16,0.03,1,1.38,171.68
704,150,1,5,1.5,4,3,19,0.03,1,1.13,173.11
705,150,1,5,1.5,4,3,22,0.03,1,1.4,153.6
706,150,1.5,6,2,2,3.5,10,0.03,1,30.81,107.3
707,150,1.5,6,2,2,3.5,13,0.03,1,55.97,80.58
708,150,1.5,6,2,2,3.5,16,0.03,1,46.46,80
709,150,1.5,6,2,2,3.5,19,0.03,1,30.81,86.63
710,150,1.5,6,2,2,3.5,22,0.03,1,38.36,76.69
711,150,2,2,2.5,2.5,4,10,0.03,1,23.8,124.06
712,150,2,2,2.5,2.5,4,13,0.03,1,42.6,93.63
713,150,2,2,2.5,2.5,4,16,0.03,1,13.76,127.33
714,150,2,2,2.5,2.5,4,19,0.03,1,14.94,116.99
715,150,2,2,2.5,2.5,4,22,0.03,1,25.03,93.8
716,150,2.5,3,3,3,2,10,0.03,1,1.1,292.96
717,150,2.5,3,3,3,2,13,0.03,1,1.45,244.53
718,150,2.5,3,3,3,2,16,0.03,1,3.26,174.35
719,150,2.5,3,3,3,2,19,0.03,1,3.46,161.4
720,150,2.5,3,3,3,2,22,0.03,1,5.15,134.54
721,150,3,4,1,3.5,2.5,10,0.03,1,1.54,278.75
722,150,3,4,1,3.5,2.5,13,0.03,1,1.08,287.57
723,150,3,4,1,3.5,2.5,16,0.03,1,1.26,254.92
724,150,3,4,1,3.5,2.5,19,0.03,1,1.14,248.61
725,150,3,4,1,3.5,2.5,22,0.03,1,0.62,289.36
726,175,1,6,2.5,3,2.5,10,0.03,1,3.9,165.3
727,175,1,6,2.5,3,2.5,13,0.03,1,2.99,165.45
728,175,1,6,2.5,3,2.5,16,0.03,1,2.89,156.28
729,175,1,6,2.5,3,2.5,19,0.03,1,1.91,169.48
730,175,1,6,2.5,3,2.5,22,0.03,1,1.3,183.2
731,175,1.5,2,3,3.5,3,10,0.03,1,3.27,199.76
732,175,1.5,2,3,3.5,3,13,0.03,1,4.07,170.26
733,175,1.5,2,3,3.5,3,16,0.03,1,3.13,173.38
734,175,1.5,2,3,3.5,3,19,0.03,1,1.15,228.83
735,175,1.5,2,3,3.5,3,22,0.03,1,0.65,263.87
736,175,2,3,1,4,3.5,10,0.03,1,0.53,401.9
737,175,2,3,1,4,3.5,13,0.03,1,0.8,320.8
738,175,2,3,1,4,3.5,16,0.03,1,0.6,330.47
739,175,2,3,1,4,3.5,19,0.03,1,1.07,257.12
740,175,2,3,1,4,3.5,22,0.03,1,0.47,322.28
741,175,2.5,4,1.5,2,4,10,0.03,1,20.53,167.6
742,175,2.5,4,1.5,2,4,13,0.03,1,17.47,162.04
743,175,2.5,4,1.5,2,4,16,0.03,1,15.54,157.22
744,175,2.5,4,1.5,2,4,19,0.03,1,10.69,168.2
745,175,2.5,4,1.5,2,4,22,0.03,1,9.78,165.01
746,175,3,5,2,2.5,2,10,0.03,1,1.41,337.47
747,175,3,5,2,2.5,2,13,0.03,1,2.84,244.88
748,175,3,5,2,2.5,2,16,0.03,1,1.71,270.24
749,175,3,5,2,2.5,2,19,0.03,1,1.16,291
750,175,3,5,2,2.5,2,22,0.03,1,1.26,269.25
751,75,1,2,1,2,2,2,0.03,1,14.47,112.69
752,75,1,2,1,2,2,6,0.03,1,11.78,83.68
753,75,1,2,1,2,2,2,0.07,1,39.04,102
754,75,1,2,1,2,2,6,0.07,1,31.76,75.76
755,75,1.5,3,1.5,2.5,2.5,2,0.03,1,13.64,128.79
756,75,1.5,3,1.5,2.5,2.5,6,0.03,1,9.93,99.27
757,75,1.5,3,1.5,2.5,2.5,2,0.07,1,43.1,110.57
758,75,1.5,3,1.5,2.5,2.5,6,0.07,1,33.27,83.57
759,75,2,4,2,3,3,2,0.03,1,11.84,146.56
760,75,2,4,2,3,3,6,0.03,1,6.02,127.34
761,75,2,4,2,3,3,2,0.07,1,36.86,126.47
762,75,2,4,2,3,3,6,0.07,1,27.68,96.47
763,75,2.5,5,2.5,3.5,3.5,2,0.03,1,12.42,153.96
764,75,2.5,5,2.5,3.5,3.5,6,0.03,1,7.05,128.9
765,75,2.5,5,2.5,3.5,3.5,2,0.07,1,33.49,139.35
766,75,2.5,5,2.5,3.5,3.5,6,0.07,1,31.95,98.15
767,75,3,6,3,4,4,2,0.03,1,13.75,157.06
768,75,3,6,3,4,4,6,0.03,1,12.6,112.1
769,75,3,6,3,4,4,2,0.07,1,31.75,149.7
770,75,3,6,3,4,4,6,0.07,1,33.11,102.36
771,100,1,3,2,3.5,4,2,0.03,1,17,128.49
772,100,1,3,2,3.5,4,6,0.03,1,8.19,113.67
773,100,1,3,2,3.5,4,2,0.07,1,48.11,114.46
774,100,1,3,2,3.5,4,6,0.07,1,63.34,72.41
775,100,1.5,4,2.5,4,2,2,0.03,1,7.77,152.64
776,100,1.5,4,2.5,4,2,6,0.03,1,5.83,116.43
777,100,1.5,4,2.5,4,2,2,0.07,1,19.02,142.68
778,100,1.5,4,2.5,4,2,6,0.07,1,14.52,108.25
779,100,2,5,3,2,2.5,2,0.03,1,36.29,133.48
780,100,2,5,3,2,2.5,6,0.03,1,18.84,115.15
781,100,2,5,3,2,2.5,2,0.07,1,61.54,141.03
782,100,2,5,3,2,2.5,6,0.07,1,77.23,90.65
783,100,2.5,6,1,2.5,3,2,0.03,1,6.23,251.78
784,100,2.5,6,1,2.5,3,6,0.03,1,5.54,181.57
785,100,2.5,6,1,2.5,3,2,0.07,1,23.11,204.9
786,100,2.5,6,1,2.5,3,6,0.07,1,18.83,152.12
787,100,3,2,1.5,3,3.5,2,0.03,1,11.88,211.71
788,100,3,2,1.5,3,3.5,6,0.03,1,7.62,170.24
789,100,3,2,1.5,3,3.5,2,0.07,1,29.85,196.24
790,100,3,2,1.5,3,3.5,6,0.07,1,47.07,116.89
791,125,1,4,3,2.5,3.5,2,0.03,1,19.22,154.22
792,125,1,4,3,2.5,3.5,6,0.03,1,16.42,112.69
793,125,1,4,3,2.5,3.5,2,0.07,1,49.4,141.84
794,125,1,4,3,2.5,3.5,6,0.07,1,46.58,100.29
795,125,1.5,5,1,3,4,2,0.03,1,14.93,187.64
796,125,1.5,5,1,3,4,6,0.03,1,18.15,121.91
797,125,1.5,5,1,3,4,2,0.07,1,43.43,165.6
798,125,1.5,5,1,3,4,6,0.07,1,59.4,103.45
799,125,2,6,1.5,3.5,2,2,0.03,1,7.73,204.13
800,125,2,6,1.5,3.5,2,6,0.03,1,6.68,148.56
801,125,2,6,1.5,3.5,2,2,0.07,1,18.32,192.9
802,125,2,6,1.5,3.5,2,6,0.07,1,23.87,122.46
803,125,2.5,2,2,4,2.5,2,0.03,1,2.24,334.84
804,125,2.5,2,2,4,2.5,6,0.03,1,1.15,290.08
805,125,2.5,2,2,4,2.5,2,0.07,1,11.83,242.42
806,125,2.5,2,2,4,2.5,6,0.07,1,10.17,176.76
807,125,3,3,2.5,2,3,2,0.03,1,12.02,268.6
808,125,3,3,2.5,2,3,6,0.03,1,8.19,211.71
809,125,3,3,2.5,2,3,2,0.07,1,31.65,245.1
810,125,3,3,2.5,2,3,6,0.07,1,31.63,169.98
811,150,1,5,1.5,4,3,2,0.03,1,9.6,179.91
812,150,1,5,1.5,4,3,6,0.03,1,3.76,170.54
813,150,1,5,1.5,4,3,2,0.07,1,17.64,185.1
814,150,1,5,1.5,4,3,6,0.07,1,14.95,135.61
815,150,1.5,6,2,2,3.5,2,0.03,1,30.83,183.44
816,150,1.5,6,2,2,3.5,6,0.03,1,32.2,125.35
817,150,1.5,6,2,2,3.5,2,0.07,1,81.66,167.04
818,150,1.5,6,2,2,3.5,6,0.07,1,75.91,118.67
819,150,2,2,2.5,2.5,4,2,0.03,1,19.78,225.65
820,150,2,2,2.5,2.5,4,6,0.03,1,31.25,134.33
821,150,2,2,2.5,2.5,4,2,0.07,1,46.15,214.34
822,150,2,2,2.5,2.5,4,6,0.07,1,52.35,142.51
823,150,2.5,3,3,3,2,2,0.03,1,2.07,405.61
824,150,2.5,3,3,3,2,6,0.03,1,1.67,301.86
825,150,2.5,3,3,3,2,2,0.07,1,9.83,304.04
826,150,2.5,3,3,3,2,6,0.07,1,17.91,172.59
827,150,3,4,1,3.5,2.5,2,0.03,1,2.39,411.67
828,150,3,4,1,3.5,2.5,6,0.03,1,1.4,340.68
829,150,3,4,1,3.5,2.5,2,0.07,1,7.8,349.45
830,150,3,4,1,3.5,2.5,6,0.07,1,2.69,345.38
831,175,1,6,2.5,3,2.5,2,0.03,1,10.73,201.75
832,175,1,6,2.5,3,2.5,6,0.03,1,6.83,162.59
833,175,1,6,2.5,3,2.5,2,0.07,1,25.69,189.99
834,175,1,6,2.5,3,2.5,6,0.07,1,24.73,133.42
835,175,1.5,2,3,3.5,3,2,0.03,1,1.97,404.88
836,175,1.5,2,3,3.5,3,6,0.03,1,1.23,328.05
837,175,1.5,2,3,3.5,3,2,0.07,1,18.22,242.86
838,175,1.5,2,3,3.5,3,6,0.07,1,4.24,273.76
839,175,2,3,1,4,3.5,2,0.03,1,1.77,460.72
840,175,2,3,1,4,3.5,6,0.03,1,0.85,408
841,175,2,3,1,4,3.5,2,0.07,1,11.88,307.48
842,175,2,3,1,4,3.5,6,0.07,1,15.01,197.22
843,175,2.5,4,1.5,2,4,2,0.03,1,13.41,330.35
844,175,2.5,4,1.5,2,4,6,0.03,1,7.41,279.13
845,175,2.5,4,1.5,2,4,2,0.07,1,36.46,298.18
846,175,2.5,4,1.5,2,4,6,0.07,1,48.43,188.07
847,175,3,5,2,2.5,2,2,0.03,1,3.15,441.15
848,175,3,5,2,2.5,2,6,0.03,1,2.33,338.08
849,175,3,5,2,2.5,2,2,0.07,1,22.69,287.87
850,175,3,5,2,2.5,2,6,0.07,1,7.68,286.38
851,75,1,2.19,1,2.01,2.15,22,0.18,1,476.59,28.11
852,75,3,6,3,4,4,22,0.14,1,203.02,47.03
853,75,2.02,4.02,2.06,3.04,2.94,19.37,0.05,1,50.31,47.45
854,100,1.96,4.87,2.97,2,2.44,19.22,0.26,2,84.52,92.87
855,150,3,4.01,1,3.5,2.49,12.95,0.13,2,15.04,187.58
856,175,1.49,2.02,2.99,3.49,2.98,10.07,0.05,1,23.11,115.64
857,100,2.81,2,1.5,2.99,3.58,22,0.13,2,113.27,69.96
858,125,1,4,3,2.5,3.5,6.04,0.07,1,116.25,76.35
859,175,2.51,4.03,1.44,2,3.94,12.62,0.08,2,22.02,200.5
860,175,1,5.96,2.5,3.02,2.49,10.41,1.06,2,65.37,201.63
861,75,3,6,3,4,4,8,0.1,1,95.51,74.98
862,75,3,6,3,4,4,14,0.1,1,116.54,58.22
863,75,3,6,3,4,4,20,0.1,1,142.18,48.38
864,75,3,6,3,4,4,8,0.15,1,156.94,72.73
865,75,3,6,3,4,4,14,0.15,1,192.23,56.41
866,75,3,6,3,4,4,20,0.15,2,34.92,88.43
867,75,3,6,3,4,4,8,0.2,1,227.21,70.76
868,75,3,6,3,4,4,14,0.2,2,38.78,105.86
869,75,3,6,3,4,4,20,0.2,2,45.58,89.07
870,75,3,6,3,4,4,8,0.05,1,30.75,86.83
871,75,3,6,3,4,4,14,0.05,1,35.48,68.7
872,75,3,6,3,4,4,20,0.05,1,47.06,55.51
873,75,3,6,3,4,4,13,0.26,2,53.6,106.32
874,150,3,4.01,1,3.5,2.49,8,0.1,1,27.83,165.28
875,150,3,4.01,1,3.5,2.49,14,0.1,1,35.74,126.19
876,150,3,4.01,1,3.5,2.49,20,0.1,2,14.73,150.56
877,150,3,4.01,1,3.5,2.49,8,0.15,2,15.06,232.17
878,150,3,4.01,1,3.5,2.49,14,0.15,2,17.19,184.36
879,150,3,4.01,1,3.5,2.49,20,0.15,2,19.84,156.06
880,150,3,4.01,1,3.5,2.49,8,0.2,2,19.99,232.54
881,150,3,4.01,1,3.5,2.49,14,0.2,2,23.63,182.51
882,150,3,4.01,1,3.5,2.49,20,0.2,2,26.23,156.49
883,150,3,4.01,1,3.5,2.49,8,0.05,1,9.23,189.54
884,150,3,4.01,1,3.5,2.49,14,0.05,1,10.44,150.92
885,150,3,4.01,1,3.5,2.49,20,0.05,1,12.69,125.6
886,150,3,4.01,1,3.5,2.49,13,0.26,2,31.17,186.14
887,175,2.51,4.03,1.44,2,3.94,8,0.1,2,24.57,245.03
888,175,2.51,4.03,1.44,2,3.94,14,0.1,2,29.29,191.78
889,175,2.51,4.03,1.44,2,3.94,20,0.1,2,30.63,167.75
890,175,2.51,4.03,1.44,2,3.94,8,0.15,2,36.66,245.48
891,175,2.51,4.03,1.44,2,3.94,14,0.15,2,39.87,198.08
892,175,2.51,4.03,1.44,2,3.94,20,0.15,2,43.1,171.37
893,175,2.51,4.03,1.44,2,3.94,8,0.2,2,48.27,246.51
894,175,2.51,4.03,1.44,2,3.94,14,0.2,2,53.87,197.21
895,175,2.51,4.03,1.44,2,3.94,20,0.2,2,55.68,173.18
896,175,2.51,4.03,1.44,2,3.94,8,0.05,1,45.91,157.91
897,175,2.51,4.03,1.44,2,3.94,14,0.05,2,13.46,197.24
898,175,2.51,4.03,1.44,2,3.94,20,0.05,2,16.58,163.39
899,175,2.51,4.03,1.44,2,3.94,13,0.26,2,71.45,200.8
900,175,1,5.96,2.5,3.02,2.49,8,0.1,1,68.81,98.57
901,175,1,5.96,2.5,3.02,2.49,14,0.1,1,81.49,77.31
902,175,1,5.96,2.5,3.02,2.49,20,0.1,1,102.49,63.59
903,175,1,5.96,2.5,3.02,2.49,8,0.15,1,118.63,94.1
904,175,1,5.96,2.5,3.02,2.49,14,0.15,1,140.85,73.75
905,175,1,5.96,2.5,3.02,2.49,20,0.15,1,165.88,62
906,175,1,5.96,2.5,3.02,2.49,8,0.2,1,175.12,90.96
907,175,1,5.96,2.5,3.02,2.49,14,0.2,1,204.85,71.64
908,175,1,5.96,2.5,3.02,2.49,20,0.2,1,221.07,62.01
909,175,1,5.96,2.5,3.02,2.49,8,0.05,1,23.89,111.31
910,175,1,5.96,2.5,3.02,2.49,14,0.05,1,29.03,86.56
911,175,1,5.96,2.5,3.02,2.49,20,0.05,1,37.01,70.88
912,175,1,5.96,2.5,3.02,2.49,13,0.26,1,269.63,73.13
913,125,1,4,3,2.5,3.5,8,0.1,1,175.76,67.17
914,125,1,4,3,2.5,3.5,14,0.1,1,210.46,52.49
915,125,1,4,3,2.5,3.5,20,0.1,1,242.47,44.46
916,125,1,4,3,2.5,3.5,8,0.15,1,293.96,64.77
917,125,1,4,3,2.5,3.5,14,0.15,1,337.18,51.35
918,125,1,4,3,2.5,3.5,20,0.15,1,373.91,44.05
919,125,1,4,3,2.5,3.5,8,0.2,1,413.23,63.64
920,125,1,4,3,2.5,3.5,14,0.2,1,461.85,50.89
921,125,1,4,3,2.5,3.5,20,0.2,1,495.63,44.13
922,125,1,4,3,2.5,3.5,8,0.05,1,73.4,71.32
923,125,1,4,3,2.5,3.5,14,0.05,1,89.14,55.47
924,125,1,4,3,2.5,3.5,20,0.05,1,104.19,46.76
925,125,1,4,3,2.5,3.5,13,0.26,1,581.38,52.72
926,100,2.81,2,1.5,2.99,3.58,8,0.1,1,95.43,94.9
927,100,2.81,2,1.5,2.99,3.58,14,0.1,2,81.02,83.17
928,100,2.81,2,1.5,2.99,3.58,20,0.1,2,88.65,71.66
929,100,2.81,2,1.5,2.99,3.58,8,0.15,2,102.42,106.1
930,100,2.81,2,1.5,2.99,3.58,14,0.15,2,115.63,84.56
931,100,2.81,2,1.5,2.99,3.58,20,0.15,2,115.17,75.18
932,100,2.81,2,1.5,2.99,3.58,8,0.2,2,136.69,106.07
933,100,2.81,2,1.5,2.99,3.58,14,0.2,2,153.53,84.68
934,100,2.81,2,1.5,2.99,3.58,20,0.2,2,154.26,75.07
935,100,2.81,2,1.5,2.99,3.58,8,0.05,1,38.36,102.06
936,100,2.81,2,1.5,2.99,3.58,14,0.05,1,48.31,78.43
937,100,2.81,2,1.5,2.99,3.58,20,0.05,1,60.79,64.5
938,100,2.81,2,1.5,2.99,3.58,13,0.26,2,179.88,89.86
939,175,1.49,2.02,2.99,3.49,2.98,8,0.1,1,59.96,117.85
940,175,1.49,2.02,2.99,3.49,2.98,14,0.1,1,78.49,89.4
941,175,1.49,2.02,2.99,3.49,2.98,20,0.1,1,89.37,76.02
942,175,1.49,2.02,2.99,3.49,2.98,8,0.15,1,105.8,111.64
943,175,1.49,2.02,2.99,3.49,2.98,14,0.15,1,121.48,88.47
944,175,1.49,2.02,2.99,3.49,2.98,20,0.15,1,131.28,76.55
945,175,1.49,2.02,2.99,3.49,2.98,8,0.2,1,141.53,111.52
946,175,1.49,2.02,2.99,3.49,2.98,14,0.2,1,155.82,89.62
947,175,1.49,2.02,2.99,3.49,2.98,20,0.2,2,84.32,97.65
948,175,1.49,2.02,2.99,3.49,2.98,8,0.05,1,20.05,134.75
949,175,1.49,2.02,2.99,3.49,2.98,14,0.05,1,23.52,106.04
950,175,1.49,2.02,2.99,3.49,2.98,20,0.05,1,35.02,82.45
951,175,1.49,2.02,2.99,3.49,2.98,13,0.26,2,95.46,118.04
952,100,1.96,4.87,2.97,2,2.44,8,0.1,1,136.58,77.11
953,100,1.96,4.87,2.97,2,2.44,14,0.1,1,162.83,60.35
954,100,1.96,4.87,2.97,2,2.44,20,0.1,1,185.99,51.26
955,100,1.96,4.87,2.97,2,2.44,8,0.15,1,230.51,74.14
956,100,1.96,4.87,2.97,2,2.44,14,0.15,1,268.33,58.48
957,100,1.96,4.87,2.97,2,2.44,20,0.15,1,288.93,50.66
958,100,1.96,4.87,2.97,2,2.44,8,0.2,1,324.83,72.78
959,100,1.96,4.87,2.97,2,2.44,14,0.2,1,371.3,57.76
960,100,1.96,4.87,2.97,2,2.44,20,0.2,2,72.9,88.25
961,100,1.96,4.87,2.97,2,2.44,8,0.05,1,44.8,88.74
962,100,1.96,4.87,2.97,2,2.44,14,0.05,1,53.46,69.43
963,100,1.96,4.87,2.97,2,2.44,20,0.05,1,61.83,58.73
964,100,1.96,4.87,2.97,2,2.44,13,0.26,2,74.16,110.55
965,75,2.02,4.02,2.06,3.04,2.94,8,0.1,1,89.44,67.57
966,75,2.02,4.02,2.06,3.04,2.94,14,0.1,1,107.19,52.79
967,75,2.02,4.02,2.06,3.04,2.94,20,0.1,1,139.53,42.93
968,75,2.02,4.02,2.06,3.04,2.94,8,0.15,1,169.24,62.54
969,75,2.02,4.02,2.06,3.04,2.94,14,0.15,1,200.47,49.05
970,75,2.02,4.02,2.06,3.04,2.94,20,0.15,1,313.88,37.51
971,75,2.02,4.02,2.06,3.04,2.94,8,0.2,1,273.68,58.64
972,75,2.02,4.02,2.06,3.04,2.94,14,0.2,1,381.39,43.57
973,75,2.02,4.02,2.06,3.04,2.94,20,0.2,1,316.77,41.15
974,75,2.02,4.02,2.06,3.04,2.94,8,0.05,1,31.55,75.91
975,75,2.02,4.02,2.06,3.04,2.94,14,0.05,1,35.71,60.44
976,75,2.02,4.02,2.06,3.04,2.94,20,0.05,1,48.99,48.3
977,75,2.02,4.02,2.06,3.04,2.94,13,0.26,1,372.89,49.11
978,75,1,2.19,1,2.01,2.15,8,0.1,1,142.47,48.57
979,75,1,2.19,1,2.01,2.15,14,0.1,1,195.98,36.24
980,75,1,2.19,1,2.01,2.15,20,0.1,1,256.82,29.4
981,75,1,2.19,1,2.01,2.15,8,0.15,1,292.62,43.74
982,75,1,2.19,1,2.01,2.15,14,0.15,1,367,33.65
983,75,1,2.19,1,2.01,2.15,20,0.15,1,425.03,28.45
984,75,1,2.19,1,2.01,2.15,8,0.2,1,453.02,41.61
985,75,1,2.19,1,2.01,2.15,14,0.2,1,564.77,32.08
986,75,1,2.19,1,2.01,2.15,20,0.2,1,621.65,27.59
987,75,1,2.19,1,2.01,2.15,8,0.05,1,44.94,56.63
988,75,1,2.19,1,2.01,2.15,14,0.05,1,54.85,43.97
989,75,1,2.19,1,2.01,2.15,20,0.05,1,74.24,35.29
990,75,1,2.19,1,2.01,2.15,13,0.26,1,721.53,33.08
991,75,1.2536909876,2.1865182096,1.153998739,2.0418111854,2.2819452416,22,0.242474858,2,304.9283807,39.3439971748
992,75,2.9994348649,5.8857927978,2.9999817438,3.9982013368,3.9760554554,20.963487707,0.1667205708,2,30.20730503,94.4861790942
993,100,2.9981184924,2.0018559945,1.5,3.0009642716,3.5009830808,19.0140716436,0.0741083059,1,65.64337035,73.9537756241
994,125,1.1338465814,4.1044415381,3,2.5510430114,3.550103437,6.3907588473,0.0506988945,1,60.65088757,85.5728904825
995,100,1.9889973893,4.9674209554,2.9999994088,2.005715564,2.49205898,13.0219386841,1.0525669413,2,258.5914298,117.2838805933
996,125,2.4945979179,5.996703776,1.2743515099,3.7364111608,2.0641230777,19.1243146688,0.5287667094,2,44.88188976,142.9715619038
997,150,2.5107200602,3,2.9999995204,2.9946977503,2.000000102,9.9194988183,0.5287677856,2,86.5064695,172.9682204662
998,175,1.0746749091,5.9999925551,2.4244215469,3.0003083851,2.4276950335,9.4418220581,1.0575342569,2,45.89735208,239.067930184
